dim,grid_size,density,connectivity,algorithm,heuristic,weight,tie_break,seed,path_cost,nodes_expanded,cpp_time_ms,python_e2e_time_ms,implementation
2D,64,0.0,FOUR,BFS,N/A,1.0,False,0,126.0,4096,0.0,0.44979085214436054,cpp
2D,64,0.0,FOUR,Dijkstra,N/A,1.0,False,0,126.0,4096,0.0,0.41033397428691387,cpp
2D,64,0.0,FOUR,AStar,MANHATTAN,1.0,False,0,126.0,1960,0.0,0.3203749656677246,cpp
2D,64,0.0,FOUR,AStar,MANHATTAN,1.0,True,0,126.0,127,0.0,0.02683396451175213,cpp
2D,64,0.0,FOUR,WeightedAStar,MANHATTAN,1.5,False,0,126.0,127,0.0,0.025790883228182793,cpp
2D,64,0.0,FOUR,WeightedAStar,MANHATTAN,1.5,True,0,126.0,127,0.0,0.024250010028481483,cpp
2D,64,0.0,FOUR,WeightedAStar,MANHATTAN,2.0,False,0,126.0,127,0.0,0.021540792658925056,cpp
2D,64,0.0,FOUR,WeightedAStar,MANHATTAN,2.0,True,0,126.0,127,0.0,0.021124957129359245,cpp
2D,64,0.0,FOUR,WeightedAStar,MANHATTAN,5.0,False,0,126.0,127,0.0,0.02091703936457634,cpp
2D,64,0.0,FOUR,WeightedAStar,MANHATTAN,5.0,True,0,126.0,127,0.0,0.020832987502217293,cpp
2D,64,0.0,FOUR,Dijkstra,N/A,1.0,False,0,126,4096,0.0,4.468000028282404,python
2D,64,0.0,FOUR,AStar,MANHATTAN,1.0,False,0,126,4096,0.0,5.493707954883575,python
2D,64,0.0,FOUR,BFS,N/A,1.0,False,1,126.0,4096,0.0,0.3988330718129873,cpp
2D,64,0.0,FOUR,Dijkstra,N/A,1.0,False,1,126.0,4096,0.0,0.3661250229924917,cpp
2D,64,0.0,FOUR,AStar,MANHATTAN,1.0,False,1,126.0,1960,0.0,0.2733750734478235,cpp
2D,64,0.0,FOUR,AStar,MANHATTAN,1.0,True,1,126.0,127,0.0,0.020458130165934563,cpp
2D,64,0.0,FOUR,WeightedAStar,MANHATTAN,1.5,False,1,126.0,127,0.0,0.021250220015645027,cpp
2D,64,0.0,FOUR,WeightedAStar,MANHATTAN,1.5,True,1,126.0,127,0.0,0.02012518234550953,cpp
2D,64,0.0,FOUR,WeightedAStar,MANHATTAN,2.0,False,1,126.0,127,0.0,0.01833285205066204,cpp
2D,64,0.0,FOUR,WeightedAStar,MANHATTAN,2.0,True,1,126.0,127,0.0,0.018584076315164566,cpp
2D,64,0.0,FOUR,WeightedAStar,MANHATTAN,5.0,False,1,126.0,127,0.0,0.018249964341521263,cpp
2D,64,0.0,FOUR,WeightedAStar,MANHATTAN,5.0,True,1,126.0,127,0.0,0.018290942534804344,cpp
2D,64,0.0,FOUR,Dijkstra,N/A,1.0,False,1,126,4096,0.0,4.362333100289106,python
2D,64,0.0,FOUR,AStar,MANHATTAN,1.0,False,1,126,4096,0.0,5.12212491594255,python
2D,64,0.0,FOUR,BFS,N/A,1.0,False,2,126.0,4096,0.0,0.3995827864855528,cpp
2D,64,0.0,FOUR,Dijkstra,N/A,1.0,False,2,126.0,4096,0.0,0.3510001115500927,cpp
2D,64,0.0,FOUR,AStar,MANHATTAN,1.0,False,2,126.0,1960,0.0,0.27074990794062614,cpp
2D,64,0.0,FOUR,AStar,MANHATTAN,1.0,True,2,126.0,127,0.0,0.019584083929657936,cpp
2D,64,0.0,FOUR,WeightedAStar,MANHATTAN,1.5,False,2,126.0,127,0.0,0.01900014467537403,cpp
2D,64,0.0,FOUR,WeightedAStar,MANHATTAN,1.5,True,2,126.0,127,0.0,0.018250197172164917,cpp
2D,64,0.0,FOUR,WeightedAStar,MANHATTAN,2.0,False,2,126.0,127,0.0,0.01812516711652279,cpp
2D,64,0.0,FOUR,WeightedAStar,MANHATTAN,2.0,True,2,126.0,127,0.0,0.01850002445280552,cpp
2D,64,0.0,FOUR,WeightedAStar,MANHATTAN,5.0,False,2,126.0,127,0.0,0.019833911210298538,cpp
2D,64,0.0,FOUR,WeightedAStar,MANHATTAN,5.0,True,2,126.0,127,0.0,0.01970888115465641,cpp
2D,64,0.0,FOUR,Dijkstra,N/A,1.0,False,2,126,4096,0.0,4.379708087071776,python
2D,64,0.0,FOUR,AStar,MANHATTAN,1.0,False,2,126,4096,0.0,5.12512493878603,python
2D,64,0.0,FOUR,BFS,N/A,1.0,False,3,126.0,4096,0.0,0.4137079231441021,cpp
2D,64,0.0,FOUR,Dijkstra,N/A,1.0,False,3,126.0,4096,0.0,0.3748340532183647,cpp
2D,64,0.0,FOUR,AStar,MANHATTAN,1.0,False,3,126.0,1960,0.0,0.2810000441968441,cpp
2D,64,0.0,FOUR,AStar,MANHATTAN,1.0,True,3,126.0,127,0.0,0.01833401620388031,cpp
2D,64,0.0,FOUR,WeightedAStar,MANHATTAN,1.5,False,3,126.0,127,0.0,0.018124934285879135,cpp
2D,64,0.0,FOUR,WeightedAStar,MANHATTAN,1.5,True,3,126.0,127,0.0,0.02445909194648266,cpp
2D,64,0.0,FOUR,WeightedAStar,MANHATTAN,2.0,False,3,126.0,127,0.0,0.018167076632380486,cpp
2D,64,0.0,FOUR,WeightedAStar,MANHATTAN,2.0,True,3,126.0,127,0.0,0.0177919864654541,cpp
2D,64,0.0,FOUR,WeightedAStar,MANHATTAN,5.0,False,3,126.0,127,0.0,0.01800013706088066,cpp
2D,64,0.0,FOUR,WeightedAStar,MANHATTAN,5.0,True,3,126.0,127,0.0,0.018208986148238182,cpp
2D,64,0.0,FOUR,Dijkstra,N/A,1.0,False,3,126,4096,0.0,4.353458061814308,python
2D,64,0.0,FOUR,AStar,MANHATTAN,1.0,False,3,126,4096,0.0,5.144458031281829,python
2D,64,0.0,FOUR,BFS,N/A,1.0,False,4,126.0,4096,0.0,0.4004999063909054,cpp
2D,64,0.0,FOUR,Dijkstra,N/A,1.0,False,4,126.0,4096,0.0,0.364125007763505,cpp
2D,64,0.0,FOUR,AStar,MANHATTAN,1.0,False,4,126.0,1960,0.0,0.300500076264143,cpp
2D,64,0.0,FOUR,AStar,MANHATTAN,1.0,True,4,126.0,127,0.0,0.02108304761350155,cpp
2D,64,0.0,FOUR,WeightedAStar,MANHATTAN,1.5,False,4,126.0,127,0.0,0.018833205103874207,cpp
2D,64,0.0,FOUR,WeightedAStar,MANHATTAN,1.5,True,4,126.0,127,0.0,0.018625054508447647,cpp
2D,64,0.0,FOUR,WeightedAStar,MANHATTAN,2.0,False,4,126.0,127,0.0,0.0177919864654541,cpp
2D,64,0.0,FOUR,WeightedAStar,MANHATTAN,2.0,True,4,126.0,127,0.0,0.01791701652109623,cpp
2D,64,0.0,FOUR,WeightedAStar,MANHATTAN,5.0,False,4,126.0,127,0.0,0.017750076949596405,cpp
2D,64,0.0,FOUR,WeightedAStar,MANHATTAN,5.0,True,4,126.0,127,0.0,0.017833197489380836,cpp
2D,64,0.0,FOUR,Dijkstra,N/A,1.0,False,4,126,4096,0.0,4.337790887802839,python
2D,64,0.0,FOUR,AStar,MANHATTAN,1.0,False,4,126,4096,0.0,5.105791846290231,python
2D,64,0.0,EIGHT,BFS,N/A,1.0,False,0,63.0,4096,0.0,0.5237089935690165,cpp
2D,64,0.0,EIGHT,Dijkstra,N/A,1.0,False,0,89.0820541381836,4756,0.0,0.49316720105707645,cpp
2D,64,0.0,EIGHT,AStar,OCTILE,1.0,False,0,89.0820541381836,64,0.0,0.01887488178908825,cpp
2D,64,0.0,EIGHT,AStar,OCTILE,1.0,True,0,89.0820541381836,64,0.0,0.01737498678267002,cpp
2D,64,0.0,EIGHT,WeightedAStar,OCTILE,1.5,False,0,89.0820541381836,64,0.0,0.01795799471437931,cpp
2D,64,0.0,EIGHT,WeightedAStar,OCTILE,1.5,True,0,89.0820541381836,64,0.0,0.017165904864668846,cpp
2D,64,0.0,EIGHT,WeightedAStar,OCTILE,2.0,False,0,89.0820541381836,64,0.0,0.015124911442399025,cpp
2D,64,0.0,EIGHT,WeightedAStar,OCTILE,2.0,True,0,89.0820541381836,64,0.0,0.0153339933604002,cpp
2D,64,0.0,EIGHT,WeightedAStar,OCTILE,5.0,False,0,89.0820541381836,64,0.0,0.014666002243757248,cpp
2D,64,0.0,EIGHT,WeightedAStar,OCTILE,5.0,True,0,89.0820541381836,64,0.0,0.014999881386756897,cpp
2D,64,0.0,EIGHT,BFS,N/A,1.0,False,1,63.0,4096,0.0,0.5226251669228077,cpp
2D,64,0.0,EIGHT,Dijkstra,N/A,1.0,False,1,89.0820541381836,4756,0.0,0.4745831247419119,cpp
2D,64,0.0,EIGHT,AStar,OCTILE,1.0,False,1,89.0820541381836,64,0.0,0.018875114619731903,cpp
2D,64,0.0,EIGHT,AStar,OCTILE,1.0,True,1,89.0820541381836,64,0.0,0.01700012944638729,cpp
2D,64,0.0,EIGHT,WeightedAStar,OCTILE,1.5,False,1,89.0820541381836,64,0.0,0.017292099073529243,cpp
2D,64,0.0,EIGHT,WeightedAStar,OCTILE,1.5,True,1,89.0820541381836,64,0.0,0.017124926671385765,cpp
2D,64,0.0,EIGHT,WeightedAStar,OCTILE,2.0,False,1,89.0820541381836,64,0.0,0.014249933883547783,cpp
2D,64,0.0,EIGHT,WeightedAStar,OCTILE,2.0,True,1,89.0820541381836,64,0.0,0.014582881703972816,cpp
2D,64,0.0,EIGHT,WeightedAStar,OCTILE,5.0,False,1,89.0820541381836,64,0.0,0.014250166714191437,cpp
2D,64,0.0,EIGHT,WeightedAStar,OCTILE,5.0,True,1,89.0820541381836,64,0.0,0.014791963621973991,cpp
2D,64,0.0,EIGHT,BFS,N/A,1.0,False,2,63.0,4096,0.0,0.48233289271593094,cpp
2D,64,0.0,EIGHT,Dijkstra,N/A,1.0,False,2,89.0820541381836,4756,0.0,0.48525002785027027,cpp
2D,64,0.0,EIGHT,AStar,OCTILE,1.0,False,2,89.0820541381836,64,0.0,0.015999889001250267,cpp
2D,64,0.0,EIGHT,AStar,OCTILE,1.0,True,2,89.0820541381836,64,0.0,0.01491699367761612,cpp
2D,64,0.0,EIGHT,WeightedAStar,OCTILE,1.5,False,2,89.0820541381836,64,0.0,0.01500011421740055,cpp
2D,64,0.0,EIGHT,WeightedAStar,OCTILE,1.5,True,2,89.0820541381836,64,0.0,0.015459023416042328,cpp
2D,64,0.0,EIGHT,WeightedAStar,OCTILE,2.0,False,2,89.0820541381836,64,0.0,0.014042016118764877,cpp
2D,64,0.0,EIGHT,WeightedAStar,OCTILE,2.0,True,2,89.0820541381836,64,0.0,0.014416873455047607,cpp
2D,64,0.0,EIGHT,WeightedAStar,OCTILE,5.0,False,2,89.0820541381836,64,0.0,0.01400010660290718,cpp
2D,64,0.0,EIGHT,WeightedAStar,OCTILE,5.0,True,2,89.0820541381836,64,0.0,0.01458311453461647,cpp
2D,64,0.0,EIGHT,BFS,N/A,1.0,False,3,63.0,4096,0.0,0.49629202112555504,cpp
2D,64,0.0,EIGHT,Dijkstra,N/A,1.0,False,3,89.0820541381836,4756,0.0,0.48491708002984524,cpp
2D,64,0.0,EIGHT,AStar,OCTILE,1.0,False,3,89.0820541381836,64,0.0,0.016208039596676826,cpp
2D,64,0.0,EIGHT,AStar,OCTILE,1.0,True,3,89.0820541381836,64,0.0,0.014875084161758423,cpp
2D,64,0.0,EIGHT,WeightedAStar,OCTILE,1.5,False,3,89.0820541381836,64,0.0,0.014833174645900726,cpp
2D,64,0.0,EIGHT,WeightedAStar,OCTILE,1.5,True,3,89.0820541381836,64,0.0,0.01516612246632576,cpp
2D,64,0.0,EIGHT,WeightedAStar,OCTILE,2.0,False,3,89.0820541381836,64,0.0,0.015125144273042679,cpp
2D,64,0.0,EIGHT,WeightedAStar,OCTILE,2.0,True,3,89.0820541381836,64,0.0,0.01587485894560814,cpp
2D,64,0.0,EIGHT,WeightedAStar,OCTILE,5.0,False,3,89.0820541381836,64,0.0,0.015374971553683281,cpp
2D,64,0.0,EIGHT,WeightedAStar,OCTILE,5.0,True,3,89.0820541381836,64,0.0,0.015958212316036224,cpp
2D,64,0.0,EIGHT,BFS,N/A,1.0,False,4,63.0,4096,0.0,0.5175829865038395,cpp
2D,64,0.0,EIGHT,Dijkstra,N/A,1.0,False,4,89.0820541381836,4756,0.0,0.5241250619292259,cpp
2D,64,0.0,EIGHT,AStar,OCTILE,1.0,False,4,89.0820541381836,64,0.0,0.01574982888996601,cpp
2D,64,0.0,EIGHT,AStar,OCTILE,1.0,True,4,89.0820541381836,64,0.0,0.014791032299399376,cpp
2D,64,0.0,EIGHT,WeightedAStar,OCTILE,1.5,False,4,89.0820541381836,64,0.0,0.014791963621973991,cpp
2D,64,0.0,EIGHT,WeightedAStar,OCTILE,1.5,True,4,89.0820541381836,64,0.0,0.014958204701542854,cpp
2D,64,0.0,EIGHT,WeightedAStar,OCTILE,2.0,False,4,89.0820541381836,64,0.0,0.0139591284096241,cpp
2D,64,0.0,EIGHT,WeightedAStar,OCTILE,2.0,True,4,89.0820541381836,64,0.0,0.014417106285691261,cpp
2D,64,0.0,EIGHT,WeightedAStar,OCTILE,5.0,False,4,89.0820541381836,64,0.0,0.014165882021188736,cpp
2D,64,0.0,EIGHT,WeightedAStar,OCTILE,5.0,True,4,89.0820541381836,64,0.0,0.014374963939189911,cpp
2D,64,0.1,FOUR,BFS,N/A,1.0,False,0,126.0,3686,0.0,0.40904106572270393,cpp
2D,64,0.1,FOUR,Dijkstra,N/A,1.0,False,0,126.0,3686,0.0,0.372542068362236,cpp
2D,64,0.1,FOUR,AStar,MANHATTAN,1.0,False,0,126.0,1876,0.0,0.30266703106462955,cpp
2D,64,0.1,FOUR,AStar,MANHATTAN,1.0,True,0,126.0,332,0.0,0.057459110394120216,cpp
2D,64,0.1,FOUR,WeightedAStar,MANHATTAN,1.5,False,0,134.0,150,0.0,0.030624913051724434,cpp
2D,64,0.1,FOUR,WeightedAStar,MANHATTAN,1.5,True,0,134.0,149,0.0,0.02787495031952858,cpp
2D,64,0.1,FOUR,WeightedAStar,MANHATTAN,2.0,False,0,134.0,148,0.0,0.02483278512954712,cpp
2D,64,0.1,FOUR,WeightedAStar,MANHATTAN,2.0,True,0,138.0,143,0.0,0.02450007013976574,cpp
2D,64,0.1,FOUR,WeightedAStar,MANHATTAN,5.0,False,0,138.0,142,0.0,0.023374799638986588,cpp
2D,64,0.1,FOUR,WeightedAStar,MANHATTAN,5.0,True,0,138.0,142,0.0,0.022541964426636696,cpp
2D,64,0.1,FOUR,Dijkstra,N/A,1.0,False,0,126,3686,0.0,3.9977908600121737,python
2D,64,0.1,FOUR,AStar,MANHATTAN,1.0,False,0,126,3686,0.0,4.6081249602139,python
2D,64,0.1,FOUR,BFS,N/A,1.0,False,1,126.0,3688,0.0,0.42133405804634094,cpp
2D,64,0.1,FOUR,Dijkstra,N/A,1.0,False,1,126.0,3688,0.0,0.35041593946516514,cpp
2D,64,0.1,FOUR,AStar,MANHATTAN,1.0,False,1,126.0,1281,0.0,0.23816688917577267,cpp
2D,64,0.1,FOUR,AStar,MANHATTAN,1.0,True,1,126.0,312,0.0,0.054957810789346695,cpp
2D,64,0.1,FOUR,WeightedAStar,MANHATTAN,1.5,False,1,134.0,158,0.0,0.02987496554851532,cpp
2D,64,0.1,FOUR,WeightedAStar,MANHATTAN,1.5,True,1,134.0,157,0.0,0.0313750933855772,cpp
2D,64,0.1,FOUR,WeightedAStar,MANHATTAN,2.0,False,1,136.0,150,0.0,0.025166897103190422,cpp
2D,64,0.1,FOUR,WeightedAStar,MANHATTAN,2.0,True,1,136.0,148,0.0,0.02666679210960865,cpp
2D,64,0.1,FOUR,WeightedAStar,MANHATTAN,5.0,False,1,136.0,145,0.0,0.02287491224706173,cpp
2D,64,0.1,FOUR,WeightedAStar,MANHATTAN,5.0,True,1,136.0,144,0.0,0.022584106773138046,cpp
2D,64,0.1,FOUR,Dijkstra,N/A,1.0,False,1,126,3688,0.0,4.036624915897846,python
2D,64,0.1,FOUR,AStar,MANHATTAN,1.0,False,1,126,3688,0.0,4.599834093824029,python
2D,64,0.1,FOUR,BFS,N/A,1.0,False,2,126.0,3686,0.0,0.41550002060830593,cpp
2D,64,0.1,FOUR,Dijkstra,N/A,1.0,False,2,126.0,3686,0.0,0.3534581046551466,cpp
2D,64,0.1,FOUR,AStar,MANHATTAN,1.0,False,2,126.0,1099,0.0,0.18425006419420242,cpp
2D,64,0.1,FOUR,AStar,MANHATTAN,1.0,True,2,126.0,390,0.0,0.06587500683963299,cpp
2D,64,0.1,FOUR,WeightedAStar,MANHATTAN,1.5,False,2,134.0,142,0.0,0.028042122721672058,cpp
2D,64,0.1,FOUR,WeightedAStar,MANHATTAN,1.5,True,2,134.0,141,0.0,0.02637505531311035,cpp
2D,64,0.1,FOUR,WeightedAStar,MANHATTAN,2.0,False,2,134.0,140,0.0,0.023250002413988113,cpp
2D,64,0.1,FOUR,WeightedAStar,MANHATTAN,2.0,True,2,134.0,140,0.0,0.02304092049598694,cpp
2D,64,0.1,FOUR,WeightedAStar,MANHATTAN,5.0,False,2,134.0,140,0.0,0.022165942937135696,cpp
2D,64,0.1,FOUR,WeightedAStar,MANHATTAN,5.0,True,2,134.0,140,0.0,0.022249994799494743,cpp
2D,64,0.1,FOUR,Dijkstra,N/A,1.0,False,2,126,3686,0.0,4.020166816189885,python
2D,64,0.1,FOUR,AStar,MANHATTAN,1.0,False,2,126,3686,0.0,4.654416115954518,python
2D,64,0.1,FOUR,BFS,N/A,1.0,False,3,126.0,3686,0.0,0.4091670271009207,cpp
2D,64,0.1,FOUR,Dijkstra,N/A,1.0,False,3,126.0,3686,0.0,0.36733411252498627,cpp
2D,64,0.1,FOUR,AStar,MANHATTAN,1.0,False,3,126.0,1651,0.0,0.2847500145435333,cpp
2D,64,0.1,FOUR,AStar,MANHATTAN,1.0,True,3,126.0,227,0.0,0.03758305683732033,cpp
2D,64,0.1,FOUR,WeightedAStar,MANHATTAN,1.5,False,3,134.0,158,0.0,0.02670893445611,cpp
2D,64,0.1,FOUR,WeightedAStar,MANHATTAN,1.5,True,3,134.0,158,0.0,0.024875160306692123,cpp
2D,64,0.1,FOUR,WeightedAStar,MANHATTAN,2.0,False,3,136.0,155,0.0,0.022500054910779,cpp
2D,64,0.1,FOUR,WeightedAStar,MANHATTAN,2.0,True,3,142.0,148,0.0,0.022082822397351265,cpp
2D,64,0.1,FOUR,WeightedAStar,MANHATTAN,5.0,False,3,142.0,147,0.0,0.020833918824791908,cpp
2D,64,0.1,FOUR,WeightedAStar,MANHATTAN,5.0,True,3,142.0,147,0.0,0.020624836906790733,cpp
2D,64,0.1,FOUR,Dijkstra,N/A,1.0,False,3,126,3686,0.0,4.031250020489097,python
2D,64,0.1,FOUR,AStar,MANHATTAN,1.0,False,3,126,3686,0.0,4.644916858524084,python
2D,64,0.1,FOUR,BFS,N/A,1.0,False,4,126.0,3686,0.0,0.3923329059034586,cpp
2D,64,0.1,FOUR,Dijkstra,N/A,1.0,False,4,126.0,3686,0.0,0.3777500241994858,cpp
2D,64,0.1,FOUR,AStar,MANHATTAN,1.0,False,4,126.0,1655,0.0,0.2967498730868101,cpp
2D,64,0.1,FOUR,AStar,MANHATTAN,1.0,True,4,126.0,367,0.0,0.06104190833866596,cpp
2D,64,0.1,FOUR,WeightedAStar,MANHATTAN,1.5,False,4,134.0,163,0.0,0.030583003535866737,cpp
2D,64,0.1,FOUR,WeightedAStar,MANHATTAN,1.5,True,4,134.0,162,0.0,0.029042130336165428,cpp
2D,64,0.1,FOUR,WeightedAStar,MANHATTAN,2.0,False,4,134.0,159,0.0,0.025792047381401062,cpp
2D,64,0.1,FOUR,WeightedAStar,MANHATTAN,2.0,True,4,134.0,158,0.0,0.027624890208244324,cpp
2D,64,0.1,FOUR,WeightedAStar,MANHATTAN,5.0,False,4,140.0,155,0.0,0.02574990503489971,cpp
2D,64,0.1,FOUR,WeightedAStar,MANHATTAN,5.0,True,4,140.0,154,0.0,0.025916146114468575,cpp
2D,64,0.1,FOUR,Dijkstra,N/A,1.0,False,4,126,3686,0.0,4.0616251062601805,python
2D,64,0.1,FOUR,AStar,MANHATTAN,1.0,False,4,126,3686,0.0,4.62549994699657,python
2D,64,0.1,EIGHT,BFS,N/A,1.0,False,0,72.0,3685,0.0,0.5369170103222132,cpp
2D,64,0.1,EIGHT,Dijkstra,N/A,1.0,False,0,94.35604858398438,3799,0.0,0.4952079616487026,cpp
2D,64,0.1,EIGHT,AStar,OCTILE,1.0,False,0,94.35604858398438,540,0.0,0.11641578748822212,cpp
2D,64,0.1,EIGHT,AStar,OCTILE,1.0,True,0,94.35604858398438,538,0.0,0.12637488543987274,cpp
2D,64,0.1,EIGHT,WeightedAStar,OCTILE,1.5,False,0,95.52804565429688,90,0.0,0.026999972760677338,cpp
2D,64,0.1,EIGHT,WeightedAStar,OCTILE,1.5,True,0,95.52804565429688,90,0.0,0.024582957848906517,cpp
2D,64,0.1,EIGHT,WeightedAStar,OCTILE,2.0,False,0,94.35604858398438,74,0.0,0.01850002445280552,cpp
2D,64,0.1,EIGHT,WeightedAStar,OCTILE,2.0,True,0,94.35604858398438,74,0.0,0.018707942217588425,cpp
2D,64,0.1,EIGHT,WeightedAStar,OCTILE,5.0,False,0,94.35604858398438,73,0.0,0.017584068700671196,cpp
2D,64,0.1,EIGHT,WeightedAStar,OCTILE,5.0,True,0,94.35604858398438,73,0.0,0.017582904547452927,cpp
2D,64,0.1,EIGHT,BFS,N/A,1.0,False,1,72.0,3687,0.0,0.5699170287698507,cpp
2D,64,0.1,EIGHT,Dijkstra,N/A,1.0,False,1,94.35604095458984,3910,0.0,0.4673327784985304,cpp
2D,64,0.1,EIGHT,AStar,OCTILE,1.0,False,1,94.35604095458984,605,0.0,0.130208907648921,cpp
2D,64,0.1,EIGHT,AStar,OCTILE,1.0,True,1,94.35604095458984,602,0.0,0.1296659465879202,cpp
2D,64,0.1,EIGHT,WeightedAStar,OCTILE,1.5,False,1,94.35604095458984,77,0.0,0.02337503246963024,cpp
2D,64,0.1,EIGHT,WeightedAStar,OCTILE,1.5,True,1,94.35604095458984,77,0.0,0.022583873942494392,cpp
2D,64,0.1,EIGHT,WeightedAStar,OCTILE,2.0,False,1,94.35604095458984,75,0.0,0.020707957446575165,cpp
2D,64,0.1,EIGHT,WeightedAStar,OCTILE,2.0,True,1,94.35604095458984,75,0.0,0.019541941583156586,cpp
2D,64,0.1,EIGHT,WeightedAStar,OCTILE,5.0,False,1,94.35604095458984,73,0.0,0.018707942217588425,cpp
2D,64,0.1,EIGHT,WeightedAStar,OCTILE,5.0,True,1,94.35604095458984,73,0.0,0.018999911844730377,cpp
2D,64,0.1,EIGHT,BFS,N/A,1.0,False,2,75.0,3686,0.0,0.5342499352991581,cpp
2D,64,0.1,EIGHT,Dijkstra,N/A,1.0,False,2,96.11404418945312,3838,0.0,0.48112496733665466,cpp
2D,64,0.1,EIGHT,AStar,OCTILE,1.0,False,2,96.11404418945312,934,0.0,0.2043331041932106,cpp
2D,64,0.1,EIGHT,AStar,OCTILE,1.0,True,2,96.11404418945312,915,0.0,0.2254578284919262,cpp
2D,64,0.1,EIGHT,WeightedAStar,OCTILE,1.5,False,2,100.21603393554688,98,0.0,0.028416048735380173,cpp
2D,64,0.1,EIGHT,WeightedAStar,OCTILE,1.5,True,2,100.21603393554688,98,0.0,0.02704095095396042,cpp
2D,64,0.1,EIGHT,WeightedAStar,OCTILE,2.0,False,2,98.70004272460938,84,0.0,0.02287491224706173,cpp
2D,64,0.1,EIGHT,WeightedAStar,OCTILE,2.0,True,2,98.70004272460938,84,0.0,0.023625092580914497,cpp
2D,64,0.1,EIGHT,WeightedAStar,OCTILE,5.0,False,2,98.70004272460938,81,0.0,0.021792016923427582,cpp
2D,64,0.1,EIGHT,WeightedAStar,OCTILE,5.0,True,2,98.70004272460938,81,0.0,0.022166874259710312,cpp
2D,64,0.1,EIGHT,BFS,N/A,1.0,False,3,73.0,3686,0.0,0.5357090849429369,cpp
2D,64,0.1,EIGHT,Dijkstra,N/A,1.0,False,3,94.94204711914062,3885,0.0,0.46658399514853954,cpp
2D,64,0.1,EIGHT,AStar,OCTILE,1.0,False,3,94.94204711914062,690,0.0,0.14825002290308475,cpp
2D,64,0.1,EIGHT,AStar,OCTILE,1.0,True,3,94.94204711914062,682,0.0,0.15116692520678043,cpp
2D,64,0.1,EIGHT,WeightedAStar,OCTILE,1.5,False,3,98.45803833007812,87,0.0,0.02554105594754219,cpp
2D,64,0.1,EIGHT,WeightedAStar,OCTILE,1.5,True,3,98.45803833007812,87,0.0,0.024583889171481133,cpp
2D,64,0.1,EIGHT,WeightedAStar,OCTILE,2.0,False,3,97.87203979492188,81,0.0,0.02312520518898964,cpp
2D,64,0.1,EIGHT,WeightedAStar,OCTILE,2.0,True,3,97.87203979492188,81,0.0,0.02295919694006443,cpp
2D,64,0.1,EIGHT,WeightedAStar,OCTILE,5.0,False,3,97.87203979492188,79,0.0,0.021290965378284454,cpp
2D,64,0.1,EIGHT,WeightedAStar,OCTILE,5.0,True,3,97.87203979492188,79,0.0,0.02174987457692623,cpp
2D,64,0.1,EIGHT,BFS,N/A,1.0,False,4,76.0,3686,0.0,0.5123750306665897,cpp
2D,64,0.1,EIGHT,Dijkstra,N/A,1.0,False,4,96.70004272460938,3830,0.0,0.47841621562838554,cpp
2D,64,0.1,EIGHT,AStar,OCTILE,1.0,False,4,96.70004272460938,994,0.0,0.23154192604124546,cpp
2D,64,0.1,EIGHT,AStar,OCTILE,1.0,True,4,96.70004272460938,981,0.0,0.22079097107052803,cpp
2D,64,0.1,EIGHT,WeightedAStar,OCTILE,1.5,False,4,98.45803833007812,90,0.0,0.02550007775425911,cpp
2D,64,0.1,EIGHT,WeightedAStar,OCTILE,1.5,True,4,98.45803833007812,90,0.0,0.02474989742040634,cpp
2D,64,0.1,EIGHT,WeightedAStar,OCTILE,2.0,False,4,98.45803833007812,87,0.0,0.02291705459356308,cpp
2D,64,0.1,EIGHT,WeightedAStar,OCTILE,2.0,True,4,98.45803833007812,87,0.0,0.021582935005426407,cpp
2D,64,0.1,EIGHT,WeightedAStar,OCTILE,5.0,False,4,98.45803833007812,84,0.0,0.02037500962615013,cpp
2D,64,0.1,EIGHT,WeightedAStar,OCTILE,5.0,True,4,98.45803833007812,84,0.0,0.0202918890863657,cpp
2D,64,0.2,FOUR,BFS,N/A,1.0,False,0,126.0,3259,0.0,0.3977499436587095,cpp
2D,64,0.2,FOUR,Dijkstra,N/A,1.0,False,0,126.0,3259,0.0,0.3762089181691408,cpp
2D,64,0.2,FOUR,AStar,MANHATTAN,1.0,False,0,126.0,869,0.0,0.1427079550921917,cpp
2D,64,0.2,FOUR,AStar,MANHATTAN,1.0,True,0,126.0,660,0.0,0.1154998317360878,cpp
2D,64,0.2,FOUR,WeightedAStar,MANHATTAN,1.5,False,0,136.0,192,0.0,0.03945804201066494,cpp
2D,64,0.2,FOUR,WeightedAStar,MANHATTAN,1.5,True,0,136.0,190,0.0,0.0378340482711792,cpp
2D,64,0.2,FOUR,WeightedAStar,MANHATTAN,2.0,False,0,140.0,182,0.0,0.032207928597927094,cpp
2D,64,0.2,FOUR,WeightedAStar,MANHATTAN,2.0,True,0,146.0,179,0.0,0.03004097379744053,cpp
2D,64,0.2,FOUR,WeightedAStar,MANHATTAN,5.0,False,0,152.0,169,0.0,0.02624979242682457,cpp
2D,64,0.2,FOUR,WeightedAStar,MANHATTAN,5.0,True,0,152.0,169,0.0,0.026207882910966873,cpp
2D,64,0.2,FOUR,Dijkstra,N/A,1.0,False,0,126,3259,0.0,3.645832883194089,python
2D,64,0.2,FOUR,AStar,MANHATTAN,1.0,False,0,126,3259,0.0,4.139082971960306,python
2D,64,0.2,FOUR,BFS,N/A,1.0,False,1,126.0,3267,0.0,0.3885419573634863,cpp
2D,64,0.2,FOUR,Dijkstra,N/A,1.0,False,1,126.0,3267,0.0,0.33979094587266445,cpp
2D,64,0.2,FOUR,AStar,MANHATTAN,1.0,False,1,126.0,764,0.0,0.13704202137887478,cpp
2D,64,0.2,FOUR,AStar,MANHATTAN,1.0,True,1,126.0,784,0.0,0.14520902186632156,cpp
2D,64,0.2,FOUR,WeightedAStar,MANHATTAN,1.5,False,1,140.0,217,0.0,0.04212488420307636,cpp
2D,64,0.2,FOUR,WeightedAStar,MANHATTAN,1.5,True,1,142.0,241,0.0,0.04312489181756973,cpp
2D,64,0.2,FOUR,WeightedAStar,MANHATTAN,2.0,False,1,146.0,188,0.0,0.033708056434988976,cpp
2D,64,0.2,FOUR,WeightedAStar,MANHATTAN,2.0,True,1,146.0,182,0.0,0.029999995604157448,cpp
2D,64,0.2,FOUR,WeightedAStar,MANHATTAN,5.0,False,1,152.0,175,0.0,0.02766610123217106,cpp
2D,64,0.2,FOUR,WeightedAStar,MANHATTAN,5.0,True,1,152.0,174,0.0,0.026458175852894783,cpp
2D,64,0.2,FOUR,Dijkstra,N/A,1.0,False,1,126,3267,0.0,3.6515421234071255,python
2D,64,0.2,FOUR,AStar,MANHATTAN,1.0,False,1,126,3267,0.0,4.212667001411319,python
2D,64,0.2,FOUR,BFS,N/A,1.0,False,2,126.0,3265,0.0,0.37974980659782887,cpp
2D,64,0.2,FOUR,Dijkstra,N/A,1.0,False,2,126.0,3265,0.0,0.3400000277906656,cpp
2D,64,0.2,FOUR,AStar,MANHATTAN,1.0,False,2,126.0,1052,0.0,0.1966250129044056,cpp
2D,64,0.2,FOUR,AStar,MANHATTAN,1.0,True,2,126.0,578,0.0,0.10291696526110172,cpp
2D,64,0.2,FOUR,WeightedAStar,MANHATTAN,1.5,False,2,132.0,185,0.0,0.03454205580055714,cpp
2D,64,0.2,FOUR,WeightedAStar,MANHATTAN,1.5,True,2,134.0,180,0.0,0.032499898225069046,cpp
2D,64,0.2,FOUR,WeightedAStar,MANHATTAN,2.0,False,2,138.0,165,0.0,0.029166927561163902,cpp
2D,64,0.2,FOUR,WeightedAStar,MANHATTAN,2.0,True,2,138.0,165,0.0,0.028416980057954788,cpp
2D,64,0.2,FOUR,WeightedAStar,MANHATTAN,5.0,False,2,144.0,163,0.0,0.02637505531311035,cpp
2D,64,0.2,FOUR,WeightedAStar,MANHATTAN,5.0,True,2,144.0,164,0.0,0.027125002816319466,cpp
2D,64,0.2,FOUR,Dijkstra,N/A,1.0,False,2,126,3265,0.0,3.647708101198077,python
2D,64,0.2,FOUR,AStar,MANHATTAN,1.0,False,2,126,3265,0.0,4.148750100284815,python
2D,64,0.2,FOUR,BFS,N/A,1.0,False,3,126.0,3266,0.0,0.38804206997156143,cpp
2D,64,0.2,FOUR,Dijkstra,N/A,1.0,False,3,126.0,3266,0.0,0.3506250213831663,cpp
2D,64,0.2,FOUR,AStar,MANHATTAN,1.0,False,3,126.0,1219,0.0,0.22983294911682606,cpp
2D,64,0.2,FOUR,AStar,MANHATTAN,1.0,True,3,126.0,437,0.0,0.07208297029137611,cpp
2D,64,0.2,FOUR,WeightedAStar,MANHATTAN,1.5,False,3,134.0,189,0.0,0.032750191166996956,cpp
2D,64,0.2,FOUR,WeightedAStar,MANHATTAN,1.5,True,3,136.0,198,0.0,0.034082913771271706,cpp
2D,64,0.2,FOUR,WeightedAStar,MANHATTAN,2.0,False,3,142.0,178,0.0,0.02808310091495514,cpp
2D,64,0.2,FOUR,WeightedAStar,MANHATTAN,2.0,True,3,144.0,175,0.0,0.02724980004131794,cpp
2D,64,0.2,FOUR,WeightedAStar,MANHATTAN,5.0,False,3,146.0,174,0.0,0.025333138182759285,cpp
2D,64,0.2,FOUR,WeightedAStar,MANHATTAN,5.0,True,3,154.0,171,0.0,0.024957815185189247,cpp
2D,64,0.2,FOUR,Dijkstra,N/A,1.0,False,3,126,3269,0.0,3.648832906037569,python
2D,64,0.2,FOUR,AStar,MANHATTAN,1.0,False,3,126,3269,0.0,4.122750135138631,python
2D,64,0.2,FOUR,BFS,N/A,1.0,False,4,126.0,3265,0.0,0.3675001207739115,cpp
2D,64,0.2,FOUR,Dijkstra,N/A,1.0,False,4,126.0,3265,0.0,0.3665839321911335,cpp
2D,64,0.2,FOUR,AStar,MANHATTAN,1.0,False,4,126.0,1966,0.0,0.3398749977350235,cpp
2D,64,0.2,FOUR,AStar,MANHATTAN,1.0,True,4,126.0,392,0.0,0.0691248569637537,cpp
2D,64,0.2,FOUR,WeightedAStar,MANHATTAN,1.5,False,4,136.0,200,0.0,0.04212488420307636,cpp
2D,64,0.2,FOUR,WeightedAStar,MANHATTAN,1.5,True,4,138.0,194,0.0,0.03758305683732033,cpp
2D,64,0.2,FOUR,WeightedAStar,MANHATTAN,2.0,False,4,138.0,191,0.0,0.03474997356534004,cpp
2D,64,0.2,FOUR,WeightedAStar,MANHATTAN,2.0,True,4,142.0,188,0.0,0.03441702574491501,cpp
2D,64,0.2,FOUR,WeightedAStar,MANHATTAN,5.0,False,4,152.0,178,0.0,0.030583003535866737,cpp
2D,64,0.2,FOUR,WeightedAStar,MANHATTAN,5.0,True,4,152.0,177,0.0,0.027208123356103897,cpp
2D,64,0.2,FOUR,Dijkstra,N/A,1.0,False,4,126,3265,0.0,3.622582880780101,python
2D,64,0.2,FOUR,AStar,MANHATTAN,1.0,False,4,126,3265,0.0,4.119874909520149,python
2D,64,0.2,EIGHT,BFS,N/A,1.0,False,0,86.0,3255,0.0,0.48033404164016247,cpp
2D,64,0.2,EIGHT,Dijkstra,N/A,1.0,False,0,102.5600357055664,3356,0.0,0.4579999949783087,cpp
2D,64,0.2,EIGHT,AStar,OCTILE,1.0,False,0,102.5600357055664,1145,0.0,0.2558750566095114,cpp
2D,64,0.2,EIGHT,AStar,OCTILE,1.0,True,0,102.5600357055664,1143,0.0,0.2505420707166195,cpp
2D,64,0.2,EIGHT,WeightedAStar,OCTILE,1.5,False,0,104.31803894042969,119,0.0,0.03195903263986111,cpp
2D,64,0.2,EIGHT,WeightedAStar,OCTILE,1.5,True,0,104.31803894042969,119,0.0,0.03137486055493355,cpp
2D,64,0.2,EIGHT,WeightedAStar,OCTILE,2.0,False,0,106.90403747558594,102,0.0,0.025290995836257935,cpp
2D,64,0.2,EIGHT,WeightedAStar,OCTILE,2.0,True,0,106.90403747558594,102,0.0,0.02395804040133953,cpp
2D,64,0.2,EIGHT,WeightedAStar,OCTILE,5.0,False,0,106.90403747558594,99,0.0,0.022333115339279175,cpp
2D,64,0.2,EIGHT,WeightedAStar,OCTILE,5.0,True,0,106.90403747558594,99,0.0,0.022208085283637047,cpp
2D,64,0.2,EIGHT,BFS,N/A,1.0,False,1,85.0,3267,0.0,0.47395797446370125,cpp
2D,64,0.2,EIGHT,Dijkstra,N/A,1.0,False,1,101.97403717041016,3381,0.0,0.4617499653249979,cpp
2D,64,0.2,EIGHT,AStar,OCTILE,1.0,False,1,101.97403717041016,1253,0.0,0.27295900508761406,cpp
2D,64,0.2,EIGHT,AStar,OCTILE,1.0,True,1,101.97403717041016,1247,0.0,0.27337484061717987,cpp
2D,64,0.2,EIGHT,WeightedAStar,OCTILE,1.5,False,1,105.97403717041016,160,0.0,0.04374980926513672,cpp
2D,64,0.2,EIGHT,WeightedAStar,OCTILE,1.5,True,1,105.97403717041016,160,0.0,0.04175002686679363,cpp
2D,64,0.2,EIGHT,WeightedAStar,OCTILE,2.0,False,1,105.97403717041016,110,0.0,0.027166912332177162,cpp
2D,64,0.2,EIGHT,WeightedAStar,OCTILE,2.0,True,1,105.97403717041016,109,0.0,0.024750130251049995,cpp
2D,64,0.2,EIGHT,WeightedAStar,OCTILE,5.0,False,1,108.80204010009766,103,0.0,0.023707980290055275,cpp
2D,64,0.2,EIGHT,WeightedAStar,OCTILE,5.0,True,1,108.80204010009766,103,0.0,0.023042084649205208,cpp
2D,64,0.2,EIGHT,BFS,N/A,1.0,False,2,89.0,3265,0.0,0.4983339458703995,cpp
2D,64,0.2,EIGHT,Dijkstra,N/A,1.0,False,2,104.31803894042969,3303,0.0,0.43120793998241425,cpp
2D,64,0.2,EIGHT,AStar,OCTILE,1.0,False,2,104.31803894042969,1360,0.0,0.2887500450015068,cpp
2D,64,0.2,EIGHT,AStar,OCTILE,1.0,True,2,104.31803894042969,1343,0.0,0.3042500466108322,cpp
2D,64,0.2,EIGHT,WeightedAStar,OCTILE,1.5,False,2,106.66203308105469,212,0.0,0.050208065658807755,cpp
2D,64,0.2,EIGHT,WeightedAStar,OCTILE,1.5,True,2,106.66203308105469,212,0.0,0.048999907448887825,cpp
2D,64,0.2,EIGHT,WeightedAStar,OCTILE,2.0,False,2,113.49003601074219,133,0.0,0.029959017410874367,cpp
2D,64,0.2,EIGHT,WeightedAStar,OCTILE,2.0,True,2,113.49003601074219,133,0.0,0.03245798870921135,cpp
2D,64,0.2,EIGHT,WeightedAStar,OCTILE,5.0,False,2,115.73204040527344,114,0.0,0.02833409234881401,cpp
2D,64,0.2,EIGHT,WeightedAStar,OCTILE,5.0,True,2,115.73204040527344,114,0.0,0.027667032554745674,cpp
2D,64,0.2,EIGHT,BFS,N/A,1.0,False,3,83.0,3264,0.0,0.47108298167586327,cpp
2D,64,0.2,EIGHT,Dijkstra,N/A,1.0,False,3,100.80204010009766,3336,0.0,0.4863329231739044,cpp
2D,64,0.2,EIGHT,AStar,OCTILE,1.0,False,3,100.80204010009766,1025,0.0,0.22420892491936684,cpp
2D,64,0.2,EIGHT,AStar,OCTILE,1.0,True,3,100.80204010009766,1017,0.0,0.22604200057685375,cpp
2D,64,0.2,EIGHT,WeightedAStar,OCTILE,1.5,False,3,104.31803894042969,118,0.0,0.0325001310557127,cpp
2D,64,0.2,EIGHT,WeightedAStar,OCTILE,1.5,True,3,104.31803894042969,118,0.0,0.0314170029014349,cpp
2D,64,0.2,EIGHT,WeightedAStar,OCTILE,2.0,False,3,104.90403747558594,106,0.0,0.02787495031952858,cpp
2D,64,0.2,EIGHT,WeightedAStar,OCTILE,2.0,True,3,104.90403747558594,106,0.0,0.026709167286753654,cpp
2D,64,0.2,EIGHT,WeightedAStar,OCTILE,5.0,False,3,108.66202545166016,105,0.0,0.02620881423354149,cpp
2D,64,0.2,EIGHT,WeightedAStar,OCTILE,5.0,True,3,108.66202545166016,105,0.0,0.02550007775425911,cpp
2D,64,0.2,EIGHT,BFS,N/A,1.0,False,4,86.0,3265,0.0,0.48183416947722435,cpp
2D,64,0.2,EIGHT,Dijkstra,N/A,1.0,False,4,102.5600357055664,3324,0.0,0.4392499104142189,cpp
2D,64,0.2,EIGHT,AStar,OCTILE,1.0,False,4,102.5600357055664,1374,0.0,0.30716718174517155,cpp
2D,64,0.2,EIGHT,AStar,OCTILE,1.0,True,4,102.5600357055664,1358,0.0,0.2995000686496496,cpp
2D,64,0.2,EIGHT,WeightedAStar,OCTILE,1.5,False,4,107.24803161621094,127,0.0,0.03545801155269146,cpp
2D,64,0.2,EIGHT,WeightedAStar,OCTILE,1.5,True,4,107.24803161621094,127,0.0,0.034250086173415184,cpp
2D,64,0.2,EIGHT,WeightedAStar,OCTILE,2.0,False,4,107.49003601074219,114,0.0,0.02808310091495514,cpp
2D,64,0.2,EIGHT,WeightedAStar,OCTILE,2.0,True,4,107.49003601074219,114,0.0,0.025250017642974854,cpp
2D,64,0.2,EIGHT,WeightedAStar,OCTILE,5.0,False,4,107.73204040527344,108,0.0,0.024124979972839355,cpp
2D,64,0.2,EIGHT,WeightedAStar,OCTILE,5.0,True,4,107.73204040527344,108,0.0,0.024124979972839355,cpp
2D,64,0.3,FOUR,BFS,N/A,1.0,False,1,128.0,2687,0.0,0.34445803612470627,cpp
2D,64,0.3,FOUR,Dijkstra,N/A,1.0,False,1,128.0,2687,0.0,0.3050421364605427,cpp
2D,64,0.3,FOUR,AStar,MANHATTAN,1.0,False,1,128.0,1120,0.0,0.19145896658301353,cpp
2D,64,0.3,FOUR,AStar,MANHATTAN,1.0,True,1,128.0,794,0.0,0.13645784929394722,cpp
2D,64,0.3,FOUR,WeightedAStar,MANHATTAN,1.5,False,1,136.0,256,0.0,0.046083005145192146,cpp
2D,64,0.3,FOUR,WeightedAStar,MANHATTAN,1.5,True,1,136.0,251,0.0,0.04395795986056328,cpp
2D,64,0.3,FOUR,WeightedAStar,MANHATTAN,2.0,False,1,136.0,239,0.0,0.04258309490978718,cpp
2D,64,0.3,FOUR,WeightedAStar,MANHATTAN,2.0,True,1,136.0,240,0.0,0.04354212433099747,cpp
2D,64,0.3,FOUR,WeightedAStar,MANHATTAN,5.0,False,1,148.0,224,0.0,0.038125086575746536,cpp
2D,64,0.3,FOUR,WeightedAStar,MANHATTAN,5.0,True,1,148.0,217,0.0,0.03400002606213093,cpp
2D,64,0.3,FOUR,Dijkstra,N/A,1.0,False,1,128,2740,0.0,3.1756251119077206,python
2D,64,0.3,FOUR,AStar,MANHATTAN,1.0,False,1,128,2740,0.0,3.487457986921072,python
2D,64,0.3,FOUR,BFS,N/A,1.0,False,2,132.0,2766,0.0,0.3287498839199543,cpp
2D,64,0.3,FOUR,Dijkstra,N/A,1.0,False,2,132.0,2766,0.0,0.3222501836717129,cpp
2D,64,0.3,FOUR,AStar,MANHATTAN,1.0,False,2,132.0,1206,0.0,0.19358284771442413,cpp
2D,64,0.3,FOUR,AStar,MANHATTAN,1.0,True,2,132.0,1076,0.0,0.19066594541072845,cpp
2D,64,0.3,FOUR,WeightedAStar,MANHATTAN,1.5,False,2,142.0,228,0.0,0.04470907151699066,cpp
2D,64,0.3,FOUR,WeightedAStar,MANHATTAN,1.5,True,2,142.0,225,0.0,0.042125117033720016,cpp
2D,64,0.3,FOUR,WeightedAStar,MANHATTAN,2.0,False,2,142.0,220,0.0,0.03516697324812412,cpp
2D,64,0.3,FOUR,WeightedAStar,MANHATTAN,2.0,True,2,144.0,217,0.0,0.0353341456502676,cpp
2D,64,0.3,FOUR,WeightedAStar,MANHATTAN,5.0,False,2,150.0,209,0.0,0.033084070309996605,cpp
2D,64,0.3,FOUR,WeightedAStar,MANHATTAN,5.0,True,2,150.0,207,0.0,0.03216695040464401,cpp
2D,64,0.3,FOUR,Dijkstra,N/A,1.0,False,2,132,2805,0.0,3.2015000469982624,python
2D,64,0.3,FOUR,AStar,MANHATTAN,1.0,False,2,132,2805,0.0,3.7856658454984426,python
2D,64,0.3,FOUR,BFS,N/A,1.0,False,3,126.0,2807,0.0,0.3297089133411646,cpp
2D,64,0.3,FOUR,Dijkstra,N/A,1.0,False,3,126.0,2809,0.0,0.3215838223695755,cpp
2D,64,0.3,FOUR,AStar,MANHATTAN,1.0,False,3,126.0,592,0.0,0.10166713036596775,cpp
2D,64,0.3,FOUR,AStar,MANHATTAN,1.0,True,3,126.0,381,0.0,0.07491698488593102,cpp
2D,64,0.3,FOUR,WeightedAStar,MANHATTAN,1.5,False,3,130.0,214,0.0,0.05470891483128071,cpp
2D,64,0.3,FOUR,WeightedAStar,MANHATTAN,1.5,True,3,136.0,211,0.0,0.038084108382463455,cpp
2D,64,0.3,FOUR,WeightedAStar,MANHATTAN,2.0,False,3,148.0,292,0.0,0.06279093213379383,cpp
2D,64,0.3,FOUR,WeightedAStar,MANHATTAN,2.0,True,3,144.0,203,0.0,0.0377921387553215,cpp
2D,64,0.3,FOUR,WeightedAStar,MANHATTAN,5.0,False,3,148.0,185,0.0,0.02833409234881401,cpp
2D,64,0.3,FOUR,WeightedAStar,MANHATTAN,5.0,True,3,148.0,186,0.0,0.027166912332177162,cpp
2D,64,0.3,FOUR,Dijkstra,N/A,1.0,False,3,126,2816,0.0,3.4161671064794064,python
2D,64,0.3,FOUR,AStar,MANHATTAN,1.0,False,3,126,2816,0.0,3.800041042268276,python
2D,64,0.3,FOUR,BFS,N/A,1.0,False,4,126.0,2785,0.0,0.3197500482201576,cpp
2D,64,0.3,FOUR,Dijkstra,N/A,1.0,False,4,126.0,2785,0.0,0.33187493681907654,cpp
2D,64,0.3,FOUR,AStar,MANHATTAN,1.0,False,4,126.0,577,0.0,0.09933300316333771,cpp
2D,64,0.3,FOUR,AStar,MANHATTAN,1.0,True,4,126.0,440,0.0,0.08266698569059372,cpp
2D,64,0.3,FOUR,WeightedAStar,MANHATTAN,1.5,False,4,134.0,223,0.0,0.04333397373557091,cpp
2D,64,0.3,FOUR,WeightedAStar,MANHATTAN,1.5,True,4,138.0,240,0.0,0.04420895129442215,cpp
2D,64,0.3,FOUR,WeightedAStar,MANHATTAN,2.0,False,4,138.0,211,0.0,0.03737513907253742,cpp
2D,64,0.3,FOUR,WeightedAStar,MANHATTAN,2.0,True,4,142.0,216,0.0,0.03320910036563873,cpp
2D,64,0.3,FOUR,WeightedAStar,MANHATTAN,5.0,False,4,144.0,202,0.0,0.030667055398225784,cpp
2D,64,0.3,FOUR,WeightedAStar,MANHATTAN,5.0,True,4,144.0,202,0.0,0.03587501123547554,cpp
2D,64,0.3,FOUR,Dijkstra,N/A,1.0,False,4,126,2785,0.0,3.444249974563718,python
2D,64,0.3,FOUR,AStar,MANHATTAN,1.0,False,4,126,2785,0.0,3.6808329168707132,python
2D,64,0.3,EIGHT,BFS,N/A,1.0,False,1,104.0,2672,0.0,0.39187492802739143,cpp
2D,64,0.3,EIGHT,Dijkstra,N/A,1.0,False,1,113.93601989746094,2717,0.0,0.3897089045494795,cpp
2D,64,0.3,EIGHT,AStar,OCTILE,1.0,False,1,113.93601989746094,1566,0.0,0.3540420439094305,cpp
2D,64,0.3,EIGHT,AStar,OCTILE,1.0,True,1,113.93601989746094,1562,0.0,0.3398749977350235,cpp
2D,64,0.3,EIGHT,WeightedAStar,OCTILE,1.5,False,1,115.69402313232422,231,0.0,0.05300017073750496,cpp
2D,64,0.3,EIGHT,WeightedAStar,OCTILE,1.5,True,1,115.69402313232422,231,0.0,0.06383308209478855,cpp
2D,64,0.3,EIGHT,WeightedAStar,OCTILE,2.0,False,1,117.35002899169922,150,0.0,0.03145914524793625,cpp
2D,64,0.3,EIGHT,WeightedAStar,OCTILE,2.0,True,1,117.35002899169922,150,0.0,0.030667055398225784,cpp
2D,64,0.3,EIGHT,WeightedAStar,OCTILE,5.0,False,1,120.42002868652344,136,0.0,0.04075001925230026,cpp
2D,64,0.3,EIGHT,WeightedAStar,OCTILE,5.0,True,1,120.42002868652344,136,0.0,0.029625138267874718,cpp
2D,64,0.3,EIGHT,BFS,N/A,1.0,False,2,106.0,2735,0.0,0.4132078029215336,cpp
2D,64,0.3,EIGHT,Dijkstra,N/A,1.0,False,2,116.76403045654297,2770,0.0,0.4034999292343855,cpp
2D,64,0.3,EIGHT,AStar,OCTILE,1.0,False,2,116.76403045654297,1596,0.0,0.34525012597441673,cpp
2D,64,0.3,EIGHT,AStar,OCTILE,1.0,True,2,116.76403045654297,1590,0.0,0.346125103533268,cpp
2D,64,0.3,EIGHT,WeightedAStar,OCTILE,1.5,False,2,127.10802459716797,298,0.0,0.07858313620090485,cpp
2D,64,0.3,EIGHT,WeightedAStar,OCTILE,1.5,True,2,127.10802459716797,298,0.0,0.06125005893409252,cpp
2D,64,0.3,EIGHT,WeightedAStar,OCTILE,2.0,False,2,129.59202575683594,196,0.0,0.054040923714637756,cpp
2D,64,0.3,EIGHT,WeightedAStar,OCTILE,2.0,True,2,129.59202575683594,196,0.0,0.04212488420307636,cpp
2D,64,0.3,EIGHT,WeightedAStar,OCTILE,5.0,False,2,132.6620330810547,157,0.0,0.03091711550951004,cpp
2D,64,0.3,EIGHT,WeightedAStar,OCTILE,5.0,True,2,132.6620330810547,157,0.0,0.03050011582672596,cpp
2D,64,0.3,EIGHT,BFS,N/A,1.0,False,3,96.0,2764,0.0,0.4164171405136585,cpp
2D,64,0.3,EIGHT,Dijkstra,N/A,1.0,False,3,109.00602722167969,2808,0.0,0.4022920038551092,cpp
2D,64,0.3,EIGHT,AStar,OCTILE,1.0,False,3,109.00602722167969,1017,0.0,0.21508289501070976,cpp
2D,64,0.3,EIGHT,AStar,OCTILE,1.0,True,3,109.00602722167969,1015,0.0,0.22179191000759602,cpp
2D,64,0.3,EIGHT,WeightedAStar,OCTILE,1.5,False,3,109.59202575683594,188,0.0,0.04233303479850292,cpp
2D,64,0.3,EIGHT,WeightedAStar,OCTILE,1.5,True,3,109.59202575683594,188,0.0,0.03879191353917122,cpp
2D,64,0.3,EIGHT,WeightedAStar,OCTILE,2.0,False,3,114.66203308105469,166,0.0,0.03429199568927288,cpp
2D,64,0.3,EIGHT,WeightedAStar,OCTILE,2.0,True,3,114.66203308105469,166,0.0,0.04670792259275913,cpp
2D,64,0.3,EIGHT,WeightedAStar,OCTILE,5.0,False,3,120.31803894042969,151,0.0,0.03316602669656277,cpp
2D,64,0.3,EIGHT,WeightedAStar,OCTILE,5.0,True,3,120.31803894042969,151,0.0,0.029750168323516846,cpp
2D,64,0.3,EIGHT,BFS,N/A,1.0,False,4,94.0,2784,0.0,0.40537514723837376,cpp
2D,64,0.3,EIGHT,Dijkstra,N/A,1.0,False,4,107.24803161621094,2812,0.0,0.3466671332716942,cpp
2D,64,0.3,EIGHT,AStar,OCTILE,1.0,False,4,107.24803161621094,1067,0.0,0.2276250161230564,cpp
2D,64,0.3,EIGHT,AStar,OCTILE,1.0,True,4,107.24803161621094,1056,0.0,0.2121669240295887,cpp
2D,64,0.3,EIGHT,WeightedAStar,OCTILE,1.5,False,4,108.42002868652344,241,0.0,0.0524579081684351,cpp
2D,64,0.3,EIGHT,WeightedAStar,OCTILE,1.5,True,4,108.42002868652344,241,0.0,0.05187490023672581,cpp
2D,64,0.3,EIGHT,WeightedAStar,OCTILE,2.0,False,4,115.59203338623047,186,0.0,0.037833116948604584,cpp
2D,64,0.3,EIGHT,WeightedAStar,OCTILE,2.0,True,4,115.59203338623047,186,0.0,0.036999816074967384,cpp
2D,64,0.3,EIGHT,WeightedAStar,OCTILE,5.0,False,4,125.83403778076172,155,0.0,0.029665883630514145,cpp
2D,64,0.3,EIGHT,WeightedAStar,OCTILE,5.0,True,4,125.83403778076172,155,0.0,0.030041905120015144,cpp
2D,256,0.0,FOUR,BFS,N/A,1.0,False,0,510.0,65536,5.0,6.466709077358246,cpp
2D,256,0.0,FOUR,Dijkstra,N/A,1.0,False,0,510.0,65536,5.0,6.253999890759587,cpp
2D,256,0.0,FOUR,AStar,MANHATTAN,1.0,False,0,510.0,19805,2.0,3.2507500145584345,cpp
2D,256,0.0,FOUR,AStar,MANHATTAN,1.0,True,0,510.0,511,0.0,0.09625009261071682,cpp
2D,256,0.0,FOUR,WeightedAStar,MANHATTAN,1.5,False,0,510.0,511,0.0,0.08883303962647915,cpp
2D,256,0.0,FOUR,WeightedAStar,MANHATTAN,1.5,True,0,510.0,511,0.0,0.09262491948902607,cpp
2D,256,0.0,FOUR,WeightedAStar,MANHATTAN,2.0,False,0,510.0,511,0.0,0.07858313620090485,cpp
2D,256,0.0,FOUR,WeightedAStar,MANHATTAN,2.0,True,0,510.0,511,0.0,0.08733291178941727,cpp
2D,256,0.0,FOUR,WeightedAStar,MANHATTAN,5.0,False,0,510.0,511,0.0,0.08708401583135128,cpp
2D,256,0.0,FOUR,WeightedAStar,MANHATTAN,5.0,True,0,510.0,511,0.0,0.09004189632833004,cpp
2D,256,0.0,FOUR,Dijkstra,N/A,1.0,False,0,510,65536,0.0,79.36608302406967,python
2D,256,0.0,FOUR,AStar,MANHATTAN,1.0,False,0,510,65536,0.0,96.09329095110297,python
2D,256,0.0,FOUR,BFS,N/A,1.0,False,1,510.0,65536,5.0,6.598792038857937,cpp
2D,256,0.0,FOUR,Dijkstra,N/A,1.0,False,1,510.0,65536,5.0,6.297749932855368,cpp
2D,256,0.0,FOUR,AStar,MANHATTAN,1.0,False,1,510.0,19805,3.0,3.3434999641031027,cpp
2D,256,0.0,FOUR,AStar,MANHATTAN,1.0,True,1,510.0,511,0.0,0.09870808571577072,cpp
2D,256,0.0,FOUR,WeightedAStar,MANHATTAN,1.5,False,1,510.0,511,0.0,0.09291688911616802,cpp
2D,256,0.0,FOUR,WeightedAStar,MANHATTAN,1.5,True,1,510.0,511,0.0,0.0946668442338705,cpp
2D,256,0.0,FOUR,WeightedAStar,MANHATTAN,2.0,False,1,510.0,511,0.0,0.08570798672735691,cpp
2D,256,0.0,FOUR,WeightedAStar,MANHATTAN,2.0,True,1,510.0,511,0.0,0.0830839853733778,cpp
2D,256,0.0,FOUR,WeightedAStar,MANHATTAN,5.0,False,1,510.0,511,0.0,0.07929210551083088,cpp
2D,256,0.0,FOUR,WeightedAStar,MANHATTAN,5.0,True,1,510.0,511,0.0,0.08179200813174248,cpp
2D,256,0.0,FOUR,Dijkstra,N/A,1.0,False,1,510,65536,0.0,80.99016617052257,python
2D,256,0.0,FOUR,AStar,MANHATTAN,1.0,False,1,510,65536,0.0,97.17204188928008,python
2D,256,0.0,FOUR,BFS,N/A,1.0,False,2,510.0,65536,5.0,6.775208981707692,cpp
2D,256,0.0,FOUR,Dijkstra,N/A,1.0,False,2,510.0,65536,5.0,6.337875034660101,cpp
2D,256,0.0,FOUR,AStar,MANHATTAN,1.0,False,2,510.0,19805,3.0,3.396709216758609,cpp
2D,256,0.0,FOUR,AStar,MANHATTAN,1.0,True,2,510.0,511,0.0,0.10679103434085846,cpp
2D,256,0.0,FOUR,WeightedAStar,MANHATTAN,1.5,False,2,510.0,511,0.0,0.09170803241431713,cpp
2D,256,0.0,FOUR,WeightedAStar,MANHATTAN,1.5,True,2,510.0,511,0.0,0.0868749339133501,cpp
2D,256,0.0,FOUR,WeightedAStar,MANHATTAN,2.0,False,2,510.0,511,0.0,0.08758297190070152,cpp
2D,256,0.0,FOUR,WeightedAStar,MANHATTAN,2.0,True,2,510.0,511,0.0,0.09295903146266937,cpp
2D,256,0.0,FOUR,WeightedAStar,MANHATTAN,5.0,False,2,510.0,511,0.0,0.08858297951519489,cpp
2D,256,0.0,FOUR,WeightedAStar,MANHATTAN,5.0,True,2,510.0,511,0.0,0.0889170914888382,cpp
2D,256,0.0,FOUR,Dijkstra,N/A,1.0,False,2,510,65536,0.0,81.77416701801121,python
2D,256,0.0,FOUR,AStar,MANHATTAN,1.0,False,2,510,65536,0.0,96.2258749641478,python
2D,256,0.0,FOUR,BFS,N/A,1.0,False,3,510.0,65536,5.0,6.5129578579217196,cpp
2D,256,0.0,FOUR,Dijkstra,N/A,1.0,False,3,510.0,65536,5.0,6.066625006496906,cpp
2D,256,0.0,FOUR,AStar,MANHATTAN,1.0,False,3,510.0,19805,2.0,3.2785418443381786,cpp
2D,256,0.0,FOUR,AStar,MANHATTAN,1.0,True,3,510.0,511,0.0,0.09125005453824997,cpp
2D,256,0.0,FOUR,WeightedAStar,MANHATTAN,1.5,False,3,510.0,511,0.0,0.08308305405080318,cpp
2D,256,0.0,FOUR,WeightedAStar,MANHATTAN,1.5,True,3,510.0,511,0.0,0.08625001646578312,cpp
2D,256,0.0,FOUR,WeightedAStar,MANHATTAN,2.0,False,3,510.0,511,0.0,0.07983390241861343,cpp
2D,256,0.0,FOUR,WeightedAStar,MANHATTAN,2.0,True,3,510.0,511,0.0,0.08262507617473602,cpp
2D,256,0.0,FOUR,WeightedAStar,MANHATTAN,5.0,False,3,510.0,511,0.0,0.0800001434981823,cpp
2D,256,0.0,FOUR,WeightedAStar,MANHATTAN,5.0,True,3,510.0,511,0.0,0.0811251811683178,cpp
2D,256,0.0,FOUR,Dijkstra,N/A,1.0,False,3,510,65536,0.0,78.56958312913775,python
2D,256,0.0,FOUR,AStar,MANHATTAN,1.0,False,3,510,65536,0.0,93.34804187528789,python
2D,256,0.0,FOUR,BFS,N/A,1.0,False,4,510.0,65536,5.0,6.545457988977432,cpp
2D,256,0.0,FOUR,Dijkstra,N/A,1.0,False,4,510.0,65536,5.0,6.1497080605477095,cpp
2D,256,0.0,FOUR,AStar,MANHATTAN,1.0,False,4,510.0,19805,2.0,3.2908341381698847,cpp
2D,256,0.0,FOUR,AStar,MANHATTAN,1.0,True,4,510.0,511,0.0,0.0927080400288105,cpp
2D,256,0.0,FOUR,WeightedAStar,MANHATTAN,1.5,False,4,510.0,511,0.0,0.08237501606345177,cpp
2D,256,0.0,FOUR,WeightedAStar,MANHATTAN,1.5,True,4,510.0,511,0.0,0.08295802399516106,cpp
2D,256,0.0,FOUR,WeightedAStar,MANHATTAN,2.0,False,4,510.0,511,0.0,0.07937499321997166,cpp
2D,256,0.0,FOUR,WeightedAStar,MANHATTAN,2.0,True,4,510.0,511,0.0,0.08433405309915543,cpp
2D,256,0.0,FOUR,WeightedAStar,MANHATTAN,5.0,False,4,510.0,511,0.0,0.08620787411928177,cpp
2D,256,0.0,FOUR,WeightedAStar,MANHATTAN,5.0,True,4,510.0,511,0.0,0.09229197166860104,cpp
2D,256,0.0,FOUR,Dijkstra,N/A,1.0,False,4,510,65536,0.0,79.30025015957654,python
2D,256,0.0,FOUR,AStar,MANHATTAN,1.0,False,4,510,65536,0.0,94.40383408218622,python
2D,256,0.0,EIGHT,BFS,N/A,1.0,False,0,255.0,65536,7.0,8.431500056758523,cpp
2D,256,0.0,EIGHT,Dijkstra,N/A,1.0,False,0,360.5703125,67574,7.0,8.335541933774948,cpp
2D,256,0.0,EIGHT,AStar,OCTILE,1.0,False,0,360.5703125,256,0.0,0.07774983532726765,cpp
2D,256,0.0,EIGHT,AStar,OCTILE,1.0,True,0,360.5703125,256,0.0,0.07700012065470219,cpp
2D,256,0.0,EIGHT,WeightedAStar,OCTILE,1.5,False,0,360.5703125,256,0.0,0.08037500083446503,cpp
2D,256,0.0,EIGHT,WeightedAStar,OCTILE,1.5,True,0,360.5703125,256,0.0,0.07945811375975609,cpp
2D,256,0.0,EIGHT,WeightedAStar,OCTILE,2.0,False,0,360.5703125,256,0.0,0.06612506695091724,cpp
2D,256,0.0,EIGHT,WeightedAStar,OCTILE,2.0,True,0,360.5703125,256,0.0,0.06779213435947895,cpp
2D,256,0.0,EIGHT,WeightedAStar,OCTILE,5.0,False,0,360.5703125,256,0.0,0.06483402103185654,cpp
2D,256,0.0,EIGHT,WeightedAStar,OCTILE,5.0,True,0,360.5703125,256,0.0,0.06829202175140381,cpp
2D,256,0.0,EIGHT,BFS,N/A,1.0,False,1,255.0,65536,7.0,8.194249821826816,cpp
2D,256,0.0,EIGHT,Dijkstra,N/A,1.0,False,1,360.5703125,67574,7.0,8.257125038653612,cpp
2D,256,0.0,EIGHT,AStar,OCTILE,1.0,False,1,360.5703125,256,0.0,0.0871662050485611,cpp
2D,256,0.0,EIGHT,AStar,OCTILE,1.0,True,1,360.5703125,256,0.0,0.07541594095528126,cpp
2D,256,0.0,EIGHT,WeightedAStar,OCTILE,1.5,False,1,360.5703125,256,0.0,0.07370905950665474,cpp
2D,256,0.0,EIGHT,WeightedAStar,OCTILE,1.5,True,1,360.5703125,256,0.0,0.07304106839001179,cpp
2D,256,0.0,EIGHT,WeightedAStar,OCTILE,2.0,False,1,360.5703125,256,0.0,0.06637489423155785,cpp
2D,256,0.0,EIGHT,WeightedAStar,OCTILE,2.0,True,1,360.5703125,256,0.0,0.07270812056958675,cpp
2D,256,0.0,EIGHT,WeightedAStar,OCTILE,5.0,False,1,360.5703125,256,0.0,0.07012486457824707,cpp
2D,256,0.0,EIGHT,WeightedAStar,OCTILE,5.0,True,1,360.5703125,256,0.0,0.07383385673165321,cpp
2D,256,0.0,EIGHT,BFS,N/A,1.0,False,2,255.0,65536,7.0,8.31229193136096,cpp
2D,256,0.0,EIGHT,Dijkstra,N/A,1.0,False,2,360.5703125,67574,7.0,8.276416920125484,cpp
2D,256,0.0,EIGHT,AStar,OCTILE,1.0,False,2,360.5703125,256,0.0,0.08154194802045822,cpp
2D,256,0.0,EIGHT,AStar,OCTILE,1.0,True,2,360.5703125,256,0.0,0.06625009700655937,cpp
2D,256,0.0,EIGHT,WeightedAStar,OCTILE,1.5,False,2,360.5703125,256,0.0,0.0688750296831131,cpp
2D,256,0.0,EIGHT,WeightedAStar,OCTILE,1.5,True,2,360.5703125,256,0.0,0.08599995635449886,cpp
2D,256,0.0,EIGHT,WeightedAStar,OCTILE,2.0,False,2,360.5703125,256,0.0,0.06520794704556465,cpp
2D,256,0.0,EIGHT,WeightedAStar,OCTILE,2.0,True,2,360.5703125,256,0.0,0.07516611367464066,cpp
2D,256,0.0,EIGHT,WeightedAStar,OCTILE,5.0,False,2,360.5703125,256,0.0,0.07112487219274044,cpp
2D,256,0.0,EIGHT,WeightedAStar,OCTILE,5.0,True,2,360.5703125,256,0.0,0.07129204459488392,cpp
2D,256,0.0,EIGHT,BFS,N/A,1.0,False,3,255.0,65536,7.0,8.499958086758852,cpp
2D,256,0.0,EIGHT,Dijkstra,N/A,1.0,False,3,360.5703125,67574,7.0,8.206167025491595,cpp
2D,256,0.0,EIGHT,AStar,OCTILE,1.0,False,3,360.5703125,256,0.0,0.11283298954367638,cpp
2D,256,0.0,EIGHT,AStar,OCTILE,1.0,True,3,360.5703125,256,0.0,0.07008295506238937,cpp
2D,256,0.0,EIGHT,WeightedAStar,OCTILE,1.5,False,3,360.5703125,256,0.0,0.07445900700986385,cpp
2D,256,0.0,EIGHT,WeightedAStar,OCTILE,1.5,True,3,360.5703125,256,0.0,0.07216702215373516,cpp
2D,256,0.0,EIGHT,WeightedAStar,OCTILE,2.0,False,3,360.5703125,256,0.0,0.06712484173476696,cpp
2D,256,0.0,EIGHT,WeightedAStar,OCTILE,2.0,True,3,360.5703125,256,0.0,0.06954208947718143,cpp
2D,256,0.0,EIGHT,WeightedAStar,OCTILE,5.0,False,3,360.5703125,256,0.0,0.07141684181988239,cpp
2D,256,0.0,EIGHT,WeightedAStar,OCTILE,5.0,True,3,360.5703125,256,0.0,0.0749579630792141,cpp
2D,256,0.0,EIGHT,BFS,N/A,1.0,False,4,255.0,65536,7.0,8.316333871334791,cpp
2D,256,0.0,EIGHT,Dijkstra,N/A,1.0,False,4,360.5703125,67574,7.0,8.334041805937886,cpp
2D,256,0.0,EIGHT,AStar,OCTILE,1.0,False,4,360.5703125,256,0.0,0.10229204781353474,cpp
2D,256,0.0,EIGHT,AStar,OCTILE,1.0,True,4,360.5703125,256,0.0,0.07879198528826237,cpp
2D,256,0.0,EIGHT,WeightedAStar,OCTILE,1.5,False,4,360.5703125,256,0.0,0.0707919243723154,cpp
2D,256,0.0,EIGHT,WeightedAStar,OCTILE,1.5,True,4,360.5703125,256,0.0,0.0713749323040247,cpp
2D,256,0.0,EIGHT,WeightedAStar,OCTILE,2.0,False,4,360.5703125,256,0.0,0.06866594776511192,cpp
2D,256,0.0,EIGHT,WeightedAStar,OCTILE,2.0,True,4,360.5703125,256,0.0,0.07399986498057842,cpp
2D,256,0.0,EIGHT,WeightedAStar,OCTILE,5.0,False,4,360.5703125,256,0.0,0.07108389399945736,cpp
2D,256,0.0,EIGHT,WeightedAStar,OCTILE,5.0,True,4,360.5703125,256,0.0,0.07512513548135757,cpp
2D,256,0.1,FOUR,BFS,N/A,1.0,False,0,510.0,58980,5.0,6.4550829119980335,cpp
2D,256,0.1,FOUR,Dijkstra,N/A,1.0,False,0,510.0,58980,5.0,5.992457969114184,cpp
2D,256,0.1,FOUR,AStar,MANHATTAN,1.0,False,0,510.0,18192,3.0,3.4132080618292093,cpp
2D,256,0.1,FOUR,AStar,MANHATTAN,1.0,True,0,510.0,3105,0.0,0.5691251717507839,cpp
2D,256,0.1,FOUR,WeightedAStar,MANHATTAN,1.5,False,0,546.0,667,0.0,0.15012500807642937,cpp
2D,256,0.1,FOUR,WeightedAStar,MANHATTAN,1.5,True,0,548.0,660,0.0,0.13383314944803715,cpp
2D,256,0.1,FOUR,WeightedAStar,MANHATTAN,2.0,False,0,558.0,624,0.0,0.12350012548267841,cpp
2D,256,0.1,FOUR,WeightedAStar,MANHATTAN,2.0,True,0,566.0,615,0.0,0.1177079975605011,cpp
2D,256,0.1,FOUR,WeightedAStar,MANHATTAN,5.0,False,0,574.0,601,0.0,0.11295778676867485,cpp
2D,256,0.1,FOUR,WeightedAStar,MANHATTAN,5.0,True,0,574.0,598,0.0,0.12391689233481884,cpp
2D,256,0.1,FOUR,Dijkstra,N/A,1.0,False,0,510,58980,0.0,76.34554198011756,python
2D,256,0.1,FOUR,AStar,MANHATTAN,1.0,False,0,510,58980,0.0,94.01024994440377,python
2D,256,0.1,FOUR,BFS,N/A,1.0,False,1,510.0,58973,6.0,6.953750038519502,cpp
2D,256,0.1,FOUR,Dijkstra,N/A,1.0,False,1,510.0,58973,6.0,6.602041888982058,cpp
2D,256,0.1,FOUR,AStar,MANHATTAN,1.0,False,1,510.0,9616,1.0,1.7479171510785818,cpp
2D,256,0.1,FOUR,AStar,MANHATTAN,1.0,True,1,510.0,2985,0.0,0.5261669866740704,cpp
2D,256,0.1,FOUR,WeightedAStar,MANHATTAN,1.5,False,1,552.0,817,0.0,0.18116598948836327,cpp
2D,256,0.1,FOUR,WeightedAStar,MANHATTAN,1.5,True,1,556.0,796,0.0,0.15699979849159718,cpp
2D,256,0.1,FOUR,WeightedAStar,MANHATTAN,2.0,False,1,568.0,750,0.0,0.13900012709200382,cpp
2D,256,0.1,FOUR,WeightedAStar,MANHATTAN,2.0,True,1,568.0,722,0.0,0.1373749691992998,cpp
2D,256,0.1,FOUR,WeightedAStar,MANHATTAN,5.0,False,1,588.0,673,0.0,0.12362515553832054,cpp
2D,256,0.1,FOUR,WeightedAStar,MANHATTAN,5.0,True,1,588.0,669,0.0,0.124374870210886,cpp
2D,256,0.1,FOUR,Dijkstra,N/A,1.0,False,1,510,58973,0.0,74.95979196392,python
2D,256,0.1,FOUR,AStar,MANHATTAN,1.0,False,1,510,58973,0.0,88.71420798823237,python
2D,256,0.1,FOUR,BFS,N/A,1.0,False,3,510.0,58979,5.0,6.752250017598271,cpp
2D,256,0.1,FOUR,Dijkstra,N/A,1.0,False,3,510.0,58979,5.0,6.225417135283351,cpp
2D,256,0.1,FOUR,AStar,MANHATTAN,1.0,False,3,510.0,15472,2.0,2.905834000557661,cpp
2D,256,0.1,FOUR,AStar,MANHATTAN,1.0,True,3,510.0,1859,0.0,0.34050014801323414,cpp
2D,256,0.1,FOUR,WeightedAStar,MANHATTAN,1.5,False,3,540.0,596,0.0,0.13383314944803715,cpp
2D,256,0.1,FOUR,WeightedAStar,MANHATTAN,1.5,True,3,540.0,593,0.0,0.1230419147759676,cpp
2D,256,0.1,FOUR,WeightedAStar,MANHATTAN,2.0,False,3,546.0,582,0.0,0.11820811778306961,cpp
2D,256,0.1,FOUR,WeightedAStar,MANHATTAN,2.0,True,3,550.0,585,0.0,0.12783310376107693,cpp
2D,256,0.1,FOUR,WeightedAStar,MANHATTAN,5.0,False,3,550.0,567,0.0,0.11712498962879181,cpp
2D,256,0.1,FOUR,WeightedAStar,MANHATTAN,5.0,True,3,550.0,565,0.0,0.11720787733793259,cpp
2D,256,0.1,FOUR,Dijkstra,N/A,1.0,False,3,510,58979,0.0,74.50287509709597,python
2D,256,0.1,FOUR,AStar,MANHATTAN,1.0,False,3,510,58979,0.0,85.9613330103457,python
2D,256,0.1,FOUR,BFS,N/A,1.0,False,4,510.0,58976,5.0,6.472374778240919,cpp
2D,256,0.1,FOUR,Dijkstra,N/A,1.0,False,4,510.0,58976,5.0,6.23204093426466,cpp
2D,256,0.1,FOUR,AStar,MANHATTAN,1.0,False,4,510.0,12360,2.0,2.2262921556830406,cpp
2D,256,0.1,FOUR,AStar,MANHATTAN,1.0,True,4,510.0,3725,0.0,0.6906250491738319,cpp
2D,256,0.1,FOUR,WeightedAStar,MANHATTAN,1.5,False,4,546.0,651,0.0,0.1437920145690441,cpp
2D,256,0.1,FOUR,WeightedAStar,MANHATTAN,1.5,True,4,550.0,636,0.0,0.1300000585615635,cpp
2D,256,0.1,FOUR,WeightedAStar,MANHATTAN,2.0,False,4,552.0,599,0.0,0.1205839216709137,cpp
2D,256,0.1,FOUR,WeightedAStar,MANHATTAN,2.0,True,4,552.0,596,0.0,0.12729200534522533,cpp
2D,256,0.1,FOUR,WeightedAStar,MANHATTAN,5.0,False,4,560.0,586,0.0,0.11558295227587223,cpp
2D,256,0.1,FOUR,WeightedAStar,MANHATTAN,5.0,True,4,560.0,586,0.0,0.11037499643862247,cpp
2D,256,0.1,FOUR,Dijkstra,N/A,1.0,False,4,510,58976,0.0,73.575375135988,python
2D,256,0.1,FOUR,AStar,MANHATTAN,1.0,False,4,510,58976,0.0,86.71750011853874,python
2D,256,0.1,EIGHT,BFS,N/A,1.0,False,0,288.0,58980,7.0,8.677833946421742,cpp
2D,256,0.1,EIGHT,Dijkstra,N/A,1.0,False,0,379.90826416015625,60217,8.0,8.463416947051883,cpp
2D,256,0.1,EIGHT,AStar,OCTILE,1.0,False,0,379.90826416015625,10041,2.0,2.264666836708784,cpp
2D,256,0.1,EIGHT,AStar,OCTILE,1.0,True,0,379.9082946777344,10050,2.0,2.3797499015927315,cpp
2D,256,0.1,EIGHT,WeightedAStar,OCTILE,1.5,False,0,394.5582580566406,356,0.0,0.12587499804794788,cpp
2D,256,0.1,EIGHT,WeightedAStar,OCTILE,1.5,True,0,394.5582580566406,356,0.0,0.12895907275378704,cpp
2D,256,0.1,EIGHT,WeightedAStar,OCTILE,2.0,False,0,387.5262756347656,314,0.0,0.10291603393852711,cpp
2D,256,0.1,EIGHT,WeightedAStar,OCTILE,2.0,True,0,387.5262756347656,314,0.0,0.11091702617704868,cpp
2D,256,0.1,EIGHT,WeightedAStar,OCTILE,5.0,False,0,389.7682800292969,311,0.0,0.122792087495327,cpp
2D,256,0.1,EIGHT,WeightedAStar,OCTILE,5.0,True,0,389.7682800292969,311,0.0,0.10529207065701485,cpp
2D,256,0.1,EIGHT,BFS,N/A,1.0,False,1,291.0,58971,7.0,8.267250144854188,cpp
2D,256,0.1,EIGHT,Dijkstra,N/A,1.0,False,1,381.6662902832031,59999,7.0,8.269083919003606,cpp
2D,256,0.1,EIGHT,AStar,OCTILE,1.0,False,1,381.6662902832031,10283,2.0,2.3064168635755777,cpp
2D,256,0.1,EIGHT,AStar,OCTILE,1.0,True,1,381.6662902832031,10263,2.0,2.392000053077936,cpp
2D,256,0.1,EIGHT,WeightedAStar,OCTILE,1.5,False,1,392.2142639160156,355,0.0,0.1296249683946371,cpp
2D,256,0.1,EIGHT,WeightedAStar,OCTILE,1.5,True,1,392.2142639160156,355,0.0,0.12350012548267841,cpp
2D,256,0.1,EIGHT,WeightedAStar,OCTILE,2.0,False,1,391.6282653808594,333,0.0,0.1129999291151762,cpp
2D,256,0.1,EIGHT,WeightedAStar,OCTILE,2.0,True,1,391.6282653808594,333,0.0,0.10295910760760307,cpp
2D,256,0.1,EIGHT,WeightedAStar,OCTILE,5.0,False,1,394.4562683105469,325,0.0,0.1046669203788042,cpp
2D,256,0.1,EIGHT,WeightedAStar,OCTILE,5.0,True,1,394.4562683105469,325,0.0,0.10637519881129265,cpp
2D,256,0.1,EIGHT,BFS,N/A,1.0,False,3,294.0,58979,7.0,8.236875059083104,cpp
2D,256,0.1,EIGHT,Dijkstra,N/A,1.0,False,3,383.4242858886719,60114,7.0,7.885209051892161,cpp
2D,256,0.1,EIGHT,AStar,OCTILE,1.0,False,3,383.4242858886719,12225,2.0,2.7970001101493835,cpp
2D,256,0.1,EIGHT,AStar,OCTILE,1.0,True,3,383.4242858886719,12201,2.0,2.8925829101353884,cpp
2D,256,0.1,EIGHT,WeightedAStar,OCTILE,1.5,False,3,396.3162536621094,366,0.0,0.1798328012228012,cpp
2D,256,0.1,EIGHT,WeightedAStar,OCTILE,1.5,True,3,396.3162536621094,366,0.0,0.13162498362362385,cpp
2D,256,0.1,EIGHT,WeightedAStar,OCTILE,2.0,False,3,394.4562683105469,330,0.0,0.1188330352306366,cpp
2D,256,0.1,EIGHT,WeightedAStar,OCTILE,2.0,True,3,394.4562683105469,330,0.0,0.11804187670350075,cpp
2D,256,0.1,EIGHT,WeightedAStar,OCTILE,5.0,False,3,392.8002624511719,317,0.0,0.10812492109835148,cpp
2D,256,0.1,EIGHT,WeightedAStar,OCTILE,5.0,True,3,392.8002624511719,317,0.0,0.10741688311100006,cpp
2D,256,0.1,EIGHT,BFS,N/A,1.0,False,4,293.0,58976,7.0,8.226375095546246,cpp
2D,256,0.1,EIGHT,Dijkstra,N/A,1.0,False,4,382.8382568359375,60462,7.0,8.221958996728063,cpp
2D,256,0.1,EIGHT,AStar,OCTILE,1.0,False,4,382.8382568359375,12379,2.0,2.7151249814778566,cpp
2D,256,0.1,EIGHT,AStar,OCTILE,1.0,True,4,382.8382873535156,12315,2.0,2.839375054463744,cpp
2D,256,0.1,EIGHT,WeightedAStar,OCTILE,1.5,False,4,393.9722595214844,346,0.0,0.1544589176774025,cpp
2D,256,0.1,EIGHT,WeightedAStar,OCTILE,1.5,True,4,393.9722595214844,346,0.0,0.11379201896488667,cpp
2D,256,0.1,EIGHT,WeightedAStar,OCTILE,2.0,False,4,394.2142639160156,330,0.0,0.10904204100370407,cpp
2D,256,0.1,EIGHT,WeightedAStar,OCTILE,2.0,True,4,394.2142639160156,330,0.0,0.11599995195865631,cpp
2D,256,0.1,EIGHT,WeightedAStar,OCTILE,5.0,False,4,394.2142639160156,320,0.0,0.1032920554280281,cpp
2D,256,0.1,EIGHT,WeightedAStar,OCTILE,5.0,True,4,394.2142639160156,320,0.0,0.09537488222122192,cpp
2D,256,0.2,FOUR,BFS,N/A,1.0,False,1,510.0,52296,5.0,6.260584108531475,cpp
2D,256,0.2,FOUR,Dijkstra,N/A,1.0,False,1,510.0,52296,5.0,5.94420894049108,cpp
2D,256,0.2,FOUR,AStar,MANHATTAN,1.0,False,1,510.0,8571,1.0,1.542625017464161,cpp
2D,256,0.2,FOUR,AStar,MANHATTAN,1.0,True,1,510.0,2699,0.0,0.5370001308619976,cpp
2D,256,0.2,FOUR,WeightedAStar,MANHATTAN,1.5,False,1,542.0,872,0.0,0.17691683024168015,cpp
2D,256,0.2,FOUR,WeightedAStar,MANHATTAN,1.5,True,1,544.0,868,0.0,0.17233402468264103,cpp
2D,256,0.2,FOUR,WeightedAStar,MANHATTAN,2.0,False,1,560.0,826,0.0,0.1663339789956808,cpp
2D,256,0.2,FOUR,WeightedAStar,MANHATTAN,2.0,True,1,568.0,805,0.0,0.18320884555578232,cpp
2D,256,0.2,FOUR,WeightedAStar,MANHATTAN,5.0,False,1,598.0,788,0.0,0.15904195606708527,cpp
2D,256,0.2,FOUR,WeightedAStar,MANHATTAN,5.0,True,1,598.0,784,0.0,0.1532500609755516,cpp
2D,256,0.2,FOUR,Dijkstra,N/A,1.0,False,1,510,52296,0.0,65.6945831142366,python
2D,256,0.2,FOUR,AStar,MANHATTAN,1.0,False,1,510,52296,0.0,74.97566705569625,python
2D,256,0.2,FOUR,BFS,N/A,1.0,False,4,510.0,52325,5.0,6.319375010207295,cpp
2D,256,0.2,FOUR,Dijkstra,N/A,1.0,False,4,510.0,52325,5.0,5.825249943882227,cpp
2D,256,0.2,FOUR,AStar,MANHATTAN,1.0,False,4,510.0,20369,3.0,3.651374951004982,cpp
2D,256,0.2,FOUR,AStar,MANHATTAN,1.0,True,4,510.0,4531,0.0,0.8205838967114687,cpp
2D,256,0.2,FOUR,WeightedAStar,MANHATTAN,1.5,False,4,556.0,750,0.0,0.16966601833701134,cpp
2D,256,0.2,FOUR,WeightedAStar,MANHATTAN,1.5,True,4,560.0,713,0.0,0.1415829174220562,cpp
2D,256,0.2,FOUR,WeightedAStar,MANHATTAN,2.0,False,4,564.0,664,0.0,0.14141597785055637,cpp
2D,256,0.2,FOUR,WeightedAStar,MANHATTAN,2.0,True,4,568.0,653,0.0,0.1430839765816927,cpp
2D,256,0.2,FOUR,WeightedAStar,MANHATTAN,5.0,False,4,572.0,639,0.0,0.11799996718764305,cpp
2D,256,0.2,FOUR,WeightedAStar,MANHATTAN,5.0,True,4,572.0,637,0.0,0.12400001287460327,cpp
2D,256,0.2,FOUR,Dijkstra,N/A,1.0,False,4,510,52325,0.0,65.79599995166063,python
2D,256,0.2,FOUR,AStar,MANHATTAN,1.0,False,4,510,52325,0.0,75.02854196354747,python
2D,256,0.2,EIGHT,BFS,N/A,1.0,False,1,334.0,52290,7.0,8.159459102898836,cpp
2D,256,0.2,EIGHT,Dijkstra,N/A,1.0,False,1,406.8642272949219,53194,7.0,7.684958167374134,cpp
2D,256,0.2,EIGHT,AStar,OCTILE,1.0,False,1,406.8642272949219,17569,3.0,3.798415884375572,cpp
2D,256,0.2,EIGHT,AStar,OCTILE,1.0,True,1,406.8642272949219,17561,3.0,3.864041995257139,cpp
2D,256,0.2,EIGHT,WeightedAStar,OCTILE,1.5,False,1,423.8581848144531,478,0.0,0.14895806089043617,cpp
2D,256,0.2,EIGHT,WeightedAStar,OCTILE,1.5,True,1,423.8581848144531,478,0.0,0.1384580973535776,cpp
2D,256,0.2,EIGHT,WeightedAStar,OCTILE,2.0,False,1,426.6861877441406,420,0.0,0.12729200534522533,cpp
2D,256,0.2,EIGHT,WeightedAStar,OCTILE,2.0,True,1,426.6861877441406,420,0.0,0.12025004252791405,cpp
2D,256,0.2,EIGHT,WeightedAStar,OCTILE,5.0,False,1,426.1001892089844,396,0.0,0.10829209350049496,cpp
2D,256,0.2,EIGHT,WeightedAStar,OCTILE,5.0,True,1,426.1001892089844,396,0.0,0.11950009502470493,cpp
2D,256,0.2,EIGHT,BFS,N/A,1.0,False,4,337.0,52325,7.0,7.878208998590708,cpp
2D,256,0.2,EIGHT,Dijkstra,N/A,1.0,False,4,409.7942199707031,53314,7.0,7.570208050310612,cpp
2D,256,0.2,EIGHT,AStar,OCTILE,1.0,False,4,409.7942199707031,20921,4.0,4.4704589527100325,cpp
2D,256,0.2,EIGHT,AStar,OCTILE,1.0,True,4,409.7942199707031,20815,4.0,4.602708155289292,cpp
2D,256,0.2,EIGHT,WeightedAStar,OCTILE,1.5,False,4,431.9601745605469,655,0.0,0.18425006419420242,cpp
2D,256,0.2,EIGHT,WeightedAStar,OCTILE,1.5,True,4,431.9601745605469,655,0.0,0.19166688434779644,cpp
2D,256,0.2,EIGHT,WeightedAStar,OCTILE,2.0,False,4,432.3421936035156,496,0.0,0.13141706585884094,cpp
2D,256,0.2,EIGHT,WeightedAStar,OCTILE,2.0,True,4,432.3421936035156,496,0.0,0.1400001347064972,cpp
2D,256,0.2,EIGHT,WeightedAStar,OCTILE,5.0,False,4,446.8262023925781,423,0.0,0.12116716243326664,cpp
2D,256,0.2,EIGHT,WeightedAStar,OCTILE,5.0,True,4,446.8262023925781,423,0.0,0.11320807971060276,cpp
2D,256,0.3,FOUR,BFS,N/A,1.0,False,4,510.0,44931,4.0,5.410416983067989,cpp
2D,256,0.3,FOUR,Dijkstra,N/A,1.0,False,4,510.0,44932,4.0,5.240458995103836,cpp
2D,256,0.3,FOUR,AStar,MANHATTAN,1.0,False,4,510.0,3524,0.0,0.6477080751210451,cpp
2D,256,0.3,FOUR,AStar,MANHATTAN,1.0,True,4,510.0,2465,0.0,0.46187499538064003,cpp
2D,256,0.3,FOUR,WeightedAStar,MANHATTAN,1.5,False,4,562.0,1390,0.0,0.2798750065267086,cpp
2D,256,0.3,FOUR,WeightedAStar,MANHATTAN,1.5,True,4,562.0,1367,0.0,0.27683284133672714,cpp
2D,256,0.3,FOUR,WeightedAStar,MANHATTAN,2.0,False,4,602.0,1173,0.0,0.23249979130923748,cpp
2D,256,0.3,FOUR,WeightedAStar,MANHATTAN,2.0,True,4,592.0,1205,0.0,0.24316692724823952,cpp
2D,256,0.3,FOUR,WeightedAStar,MANHATTAN,5.0,False,4,640.0,980,0.0,0.1932498998939991,cpp
2D,256,0.3,FOUR,WeightedAStar,MANHATTAN,5.0,True,4,644.0,974,0.0,0.18737511709332466,cpp
2D,256,0.3,FOUR,Dijkstra,N/A,1.0,False,4,510,44940,0.0,58.91004204750061,python
2D,256,0.3,FOUR,AStar,MANHATTAN,1.0,False,4,510,44940,0.0,67.64491694048047,python
2D,256,0.3,EIGHT,BFS,N/A,1.0,False,4,385.0,44931,5.0,6.5550419967621565,cpp
2D,256,0.3,EIGHT,Dijkstra,N/A,1.0,False,4,437.57818603515625,45389,6.0,6.635583937168121,cpp
2D,256,0.3,EIGHT,AStar,OCTILE,1.0,False,4,437.57818603515625,19182,3.0,3.911708015948534,cpp
2D,256,0.3,EIGHT,AStar,OCTILE,1.0,True,4,437.57818603515625,19165,3.0,4.036666126921773,cpp
2D,256,0.3,EIGHT,WeightedAStar,OCTILE,1.5,False,4,468.712158203125,1392,0.0,0.3266669809818268,cpp
2D,256,0.3,EIGHT,WeightedAStar,OCTILE,1.5,True,4,468.712158203125,1391,0.0,0.34175021573901176,cpp
2D,256,0.3,EIGHT,WeightedAStar,OCTILE,2.0,False,4,502.61016845703125,1049,0.0,0.24783308617770672,cpp
2D,256,0.3,EIGHT,WeightedAStar,OCTILE,2.0,True,4,502.61016845703125,1047,0.0,0.2522917930036783,cpp
2D,256,0.3,EIGHT,WeightedAStar,OCTILE,5.0,False,4,550.5081787109375,864,0.0,0.20124996080994606,cpp
2D,256,0.3,EIGHT,WeightedAStar,OCTILE,5.0,True,4,550.5081787109375,864,0.0,0.20724977366626263,cpp
2D,1024,0.0,FOUR,BFS,N/A,1.0,False,0,2046.0,1048576,108.0,125.89749996550381,cpp
2D,1024,0.0,FOUR,Dijkstra,N/A,1.0,False,0,2046.0,1048576,104.0,111.56183388084173,cpp
2D,1024,0.0,FOUR,AStar,MANHATTAN,1.0,False,0,2046.0,366099,74.0,87.03316585160792,cpp
2D,1024,0.0,FOUR,AStar,MANHATTAN,1.0,True,0,2046.0,2047,0.0,0.860749976709485,cpp
2D,1024,0.0,FOUR,WeightedAStar,MANHATTAN,1.5,False,0,2046.0,2047,0.0,0.6155839655548334,cpp
2D,1024,0.0,FOUR,WeightedAStar,MANHATTAN,1.5,True,0,2046.0,2047,0.0,0.6079580634832382,cpp
2D,1024,0.0,FOUR,WeightedAStar,MANHATTAN,2.0,False,0,2046.0,2047,0.0,0.5974171217530966,cpp
2D,1024,0.0,FOUR,WeightedAStar,MANHATTAN,2.0,True,0,2046.0,2047,0.0,0.6033340469002724,cpp
2D,1024,0.0,FOUR,WeightedAStar,MANHATTAN,5.0,False,0,2046.0,2047,0.0,0.5794169846922159,cpp
2D,1024,0.0,FOUR,WeightedAStar,MANHATTAN,5.0,True,0,2046.0,2047,0.0,0.6232501473277807,cpp
2D,1024,0.0,FOUR,BFS,N/A,1.0,False,1,2046.0,1048576,102.0,118.11779090203345,cpp
2D,1024,0.0,FOUR,Dijkstra,N/A,1.0,False,1,2046.0,1048576,102.0,110.59275013394654,cpp
2D,1024,0.0,FOUR,AStar,MANHATTAN,1.0,False,1,2046.0,366099,77.0,97.8822079487145,cpp
2D,1024,0.0,FOUR,AStar,MANHATTAN,1.0,True,1,2046.0,2047,0.0,0.9477920830249786,cpp
2D,1024,0.0,FOUR,WeightedAStar,MANHATTAN,1.5,False,1,2046.0,2047,0.0,0.6170831620693207,cpp
2D,1024,0.0,FOUR,WeightedAStar,MANHATTAN,1.5,True,1,2046.0,2047,0.0,0.681083183735609,cpp
2D,1024,0.0,FOUR,WeightedAStar,MANHATTAN,2.0,False,1,2046.0,2047,0.0,0.6199581548571587,cpp
2D,1024,0.0,FOUR,WeightedAStar,MANHATTAN,2.0,True,1,2046.0,2047,0.0,0.7214159704744816,cpp
2D,1024,0.0,FOUR,WeightedAStar,MANHATTAN,5.0,False,1,2046.0,2047,0.0,0.6748330779373646,cpp
2D,1024,0.0,FOUR,WeightedAStar,MANHATTAN,5.0,True,1,2046.0,2047,0.0,0.66175009123981,cpp
2D,1024,0.0,FOUR,BFS,N/A,1.0,False,2,2046.0,1048576,101.0,117.84991598688066,cpp
2D,1024,0.0,FOUR,Dijkstra,N/A,1.0,False,2,2046.0,1048576,106.0,114.80491701513529,cpp
2D,1024,0.0,FOUR,AStar,MANHATTAN,1.0,False,2,2046.0,366099,73.0,84.55662499181926,cpp
2D,1024,0.0,FOUR,AStar,MANHATTAN,1.0,True,2,2046.0,2047,0.0,0.8396659977734089,cpp
2D,1024,0.0,FOUR,WeightedAStar,MANHATTAN,1.5,False,2,2046.0,2047,0.0,0.5954580847173929,cpp
2D,1024,0.0,FOUR,WeightedAStar,MANHATTAN,1.5,True,2,2046.0,2047,0.0,0.5965828895568848,cpp
2D,1024,0.0,FOUR,WeightedAStar,MANHATTAN,2.0,False,2,2046.0,2047,0.0,0.563375186175108,cpp
2D,1024,0.0,FOUR,WeightedAStar,MANHATTAN,2.0,True,2,2046.0,2047,0.0,0.6019170396029949,cpp
2D,1024,0.0,FOUR,WeightedAStar,MANHATTAN,5.0,False,2,2046.0,2047,0.0,0.598041107878089,cpp
2D,1024,0.0,FOUR,WeightedAStar,MANHATTAN,5.0,True,2,2046.0,2047,0.0,0.5902920383960009,cpp
2D,1024,0.0,FOUR,BFS,N/A,1.0,False,3,2046.0,1048576,105.0,122.06941703334451,cpp
2D,1024,0.0,FOUR,Dijkstra,N/A,1.0,False,3,2046.0,1048576,104.0,112.5882500782609,cpp
2D,1024,0.0,FOUR,AStar,MANHATTAN,1.0,False,3,2046.0,366099,75.0,87.27429201826453,cpp
2D,1024,0.0,FOUR,AStar,MANHATTAN,1.0,True,3,2046.0,2047,0.0,0.8301669731736183,cpp
2D,1024,0.0,FOUR,WeightedAStar,MANHATTAN,1.5,False,3,2046.0,2047,0.0,0.5644999910145998,cpp
2D,1024,0.0,FOUR,WeightedAStar,MANHATTAN,1.5,True,3,2046.0,2047,0.0,0.5495001096278429,cpp
2D,1024,0.0,FOUR,WeightedAStar,MANHATTAN,2.0,False,3,2046.0,2047,0.0,0.5540000274777412,cpp
2D,1024,0.0,FOUR,WeightedAStar,MANHATTAN,2.0,True,3,2046.0,2047,0.0,0.5630420055240393,cpp
2D,1024,0.0,FOUR,WeightedAStar,MANHATTAN,5.0,False,3,2046.0,2047,0.0,0.5341670475900173,cpp
2D,1024,0.0,FOUR,WeightedAStar,MANHATTAN,5.0,True,3,2046.0,2047,0.0,0.5524591542780399,cpp
2D,1024,0.0,FOUR,BFS,N/A,1.0,False,4,2046.0,1048576,102.0,118.53741691447794,cpp
2D,1024,0.0,FOUR,Dijkstra,N/A,1.0,False,4,2046.0,1048576,105.0,113.34224999882281,cpp
2D,1024,0.0,FOUR,AStar,MANHATTAN,1.0,False,4,2046.0,366099,72.0,84.11679090932012,cpp
2D,1024,0.0,FOUR,AStar,MANHATTAN,1.0,True,4,2046.0,2047,0.0,0.9630420245230198,cpp
2D,1024,0.0,FOUR,WeightedAStar,MANHATTAN,1.5,False,4,2046.0,2047,0.0,0.6775830406695604,cpp
2D,1024,0.0,FOUR,WeightedAStar,MANHATTAN,1.5,True,4,2046.0,2047,0.0,0.6102919578552246,cpp
2D,1024,0.0,FOUR,WeightedAStar,MANHATTAN,2.0,False,4,2046.0,2047,0.0,0.595959136262536,cpp
2D,1024,0.0,FOUR,WeightedAStar,MANHATTAN,2.0,True,4,2046.0,2047,0.0,0.595583114773035,cpp
2D,1024,0.0,FOUR,WeightedAStar,MANHATTAN,5.0,False,4,2046.0,2047,0.0,0.5868328735232353,cpp
2D,1024,0.0,FOUR,WeightedAStar,MANHATTAN,5.0,True,4,2046.0,2047,0.0,0.6079159211367369,cpp
2D,1024,0.0,EIGHT,BFS,N/A,1.0,False,0,1023.0,1048576,133.0,153.26125011779368,cpp
2D,1024,0.0,EIGHT,Dijkstra,N/A,1.0,False,0,1446.5052490234375,1052642,149.0,160.55312496609986,cpp
2D,1024,0.0,EIGHT,AStar,OCTILE,1.0,False,0,1446.5052490234375,1024,0.0,0.8043330162763596,cpp
2D,1024,0.0,EIGHT,AStar,OCTILE,1.0,True,0,1446.5052490234375,1024,0.0,0.7814171258360147,cpp
2D,1024,0.0,EIGHT,WeightedAStar,OCTILE,1.5,False,0,1446.5052490234375,1024,0.0,0.4553338512778282,cpp
2D,1024,0.0,EIGHT,WeightedAStar,OCTILE,1.5,True,0,1446.5052490234375,1024,0.0,0.4803338088095188,cpp
2D,1024,0.0,EIGHT,WeightedAStar,OCTILE,2.0,False,0,1446.5052490234375,1024,0.0,0.4329581279307604,cpp
2D,1024,0.0,EIGHT,WeightedAStar,OCTILE,2.0,True,0,1446.5052490234375,1024,0.0,0.5557921249419451,cpp
2D,1024,0.0,EIGHT,WeightedAStar,OCTILE,5.0,False,0,1446.5052490234375,1024,0.0,0.4339998122304678,cpp
2D,1024,0.0,EIGHT,WeightedAStar,OCTILE,5.0,True,0,1446.5052490234375,1024,0.0,0.4974168259650469,cpp
2D,1024,0.0,EIGHT,BFS,N/A,1.0,False,1,1023.0,1048576,134.0,153.94512517377734,cpp
2D,1024,0.0,EIGHT,Dijkstra,N/A,1.0,False,1,1446.5052490234375,1052642,151.0,160.7201669830829,cpp
2D,1024,0.0,EIGHT,AStar,OCTILE,1.0,False,1,1446.5052490234375,1024,0.0,0.9167920798063278,cpp
2D,1024,0.0,EIGHT,AStar,OCTILE,1.0,True,1,1446.5052490234375,1024,0.0,0.45270915143191814,cpp
2D,1024,0.0,EIGHT,WeightedAStar,OCTILE,1.5,False,1,1446.5052490234375,1024,0.0,0.8943339344114065,cpp
2D,1024,0.0,EIGHT,WeightedAStar,OCTILE,1.5,True,1,1446.5052490234375,1024,0.0,0.6232080049812794,cpp
2D,1024,0.0,EIGHT,WeightedAStar,OCTILE,2.0,False,1,1446.5052490234375,1024,0.0,0.514499843120575,cpp
2D,1024,0.0,EIGHT,WeightedAStar,OCTILE,2.0,True,1,1446.5052490234375,1024,0.0,0.5099591799080372,cpp
2D,1024,0.0,EIGHT,WeightedAStar,OCTILE,5.0,False,1,1446.5052490234375,1024,0.0,0.4993749316781759,cpp
2D,1024,0.0,EIGHT,WeightedAStar,OCTILE,5.0,True,1,1446.5052490234375,1024,0.0,0.5151249933987856,cpp
2D,1024,0.0,EIGHT,BFS,N/A,1.0,False,2,1023.0,1048576,135.0,155.80900013446808,cpp
2D,1024,0.0,EIGHT,Dijkstra,N/A,1.0,False,2,1446.5052490234375,1052642,154.0,165.88862496428192,cpp
2D,1024,0.0,EIGHT,AStar,OCTILE,1.0,False,2,1446.5052490234375,1024,0.0,0.9978748857975006,cpp
2D,1024,0.0,EIGHT,AStar,OCTILE,1.0,True,2,1446.5052490234375,1024,0.0,0.5894580390304327,cpp
2D,1024,0.0,EIGHT,WeightedAStar,OCTILE,1.5,False,2,1446.5052490234375,1024,0.0,0.5275418516248465,cpp
2D,1024,0.0,EIGHT,WeightedAStar,OCTILE,1.5,True,2,1446.5052490234375,1024,0.0,0.5415829364210367,cpp
2D,1024,0.0,EIGHT,WeightedAStar,OCTILE,2.0,False,2,1446.5052490234375,1024,0.0,0.5615840200334787,cpp
2D,1024,0.0,EIGHT,WeightedAStar,OCTILE,2.0,True,2,1446.5052490234375,1024,0.0,0.5289590917527676,cpp
2D,1024,0.0,EIGHT,WeightedAStar,OCTILE,5.0,False,2,1446.5052490234375,1024,0.0,0.5303327925503254,cpp
2D,1024,0.0,EIGHT,WeightedAStar,OCTILE,5.0,True,2,1446.5052490234375,1024,0.0,0.5293330177664757,cpp
2D,1024,0.0,EIGHT,BFS,N/A,1.0,False,3,1023.0,1048576,140.0,158.91754208132625,cpp
2D,1024,0.0,EIGHT,Dijkstra,N/A,1.0,False,3,1446.5052490234375,1052642,153.0,163.07125007733703,cpp
2D,1024,0.0,EIGHT,AStar,OCTILE,1.0,False,3,1446.5052490234375,1024,0.0,0.9479168802499771,cpp
2D,1024,0.0,EIGHT,AStar,OCTILE,1.0,True,3,1446.5052490234375,1024,0.0,0.572125194594264,cpp
2D,1024,0.0,EIGHT,WeightedAStar,OCTILE,1.5,False,3,1446.5052490234375,1024,0.0,0.5410828161984682,cpp
2D,1024,0.0,EIGHT,WeightedAStar,OCTILE,1.5,True,3,1446.5052490234375,1024,0.0,0.5857918877154589,cpp
2D,1024,0.0,EIGHT,WeightedAStar,OCTILE,2.0,False,3,1446.5052490234375,1024,0.0,0.5610841326415539,cpp
2D,1024,0.0,EIGHT,WeightedAStar,OCTILE,2.0,True,3,1446.5052490234375,1024,0.0,0.5366250406950712,cpp
2D,1024,0.0,EIGHT,WeightedAStar,OCTILE,5.0,False,3,1446.5052490234375,1024,0.0,0.5179168656468391,cpp
2D,1024,0.0,EIGHT,WeightedAStar,OCTILE,5.0,True,3,1446.5052490234375,1024,0.0,0.5837918724864721,cpp
2D,1024,0.0,EIGHT,BFS,N/A,1.0,False,4,1023.0,1048576,138.0,157.32237487100065,cpp
2D,1024,0.0,EIGHT,Dijkstra,N/A,1.0,False,4,1446.5052490234375,1052642,151.0,161.69658303260803,cpp
2D,1024,0.0,EIGHT,AStar,OCTILE,1.0,False,4,1446.5052490234375,1024,0.0,0.9160840418189764,cpp
2D,1024,0.0,EIGHT,AStar,OCTILE,1.0,True,4,1446.5052490234375,1024,0.0,0.6770419422537088,cpp
2D,1024,0.0,EIGHT,WeightedAStar,OCTILE,1.5,False,4,1446.5052490234375,1024,0.0,0.5505417939275503,cpp
2D,1024,0.0,EIGHT,WeightedAStar,OCTILE,1.5,True,4,1446.5052490234375,1024,0.0,0.5441668909043074,cpp
2D,1024,0.0,EIGHT,WeightedAStar,OCTILE,2.0,False,4,1446.5052490234375,1024,0.0,0.5145829636603594,cpp
2D,1024,0.0,EIGHT,WeightedAStar,OCTILE,2.0,True,4,1446.5052490234375,1024,0.0,0.528082950040698,cpp
2D,1024,0.0,EIGHT,WeightedAStar,OCTILE,5.0,False,4,1446.5052490234375,1024,0.0,0.517791835591197,cpp
2D,1024,0.0,EIGHT,WeightedAStar,OCTILE,5.0,True,4,1446.5052490234375,1024,0.0,0.534124905243516,cpp
2D,1024,0.1,FOUR,BFS,N/A,1.0,False,0,2046.0,943636,111.0,130.324250087142,cpp
2D,1024,0.1,FOUR,Dijkstra,N/A,1.0,False,0,2046.0,943636,108.0,116.25895905308425,cpp
2D,1024,0.1,FOUR,AStar,MANHATTAN,1.0,False,0,2046.0,424721,99.0,112.95129195787013,cpp
2D,1024,0.1,FOUR,AStar,MANHATTAN,1.0,True,0,2046.0,64791,12.0,13.68387509137392,cpp
2D,1024,0.1,FOUR,WeightedAStar,MANHATTAN,1.5,False,0,2212.0,2696,0.0,0.8954161312431097,cpp
2D,1024,0.1,FOUR,WeightedAStar,MANHATTAN,1.5,True,0,2222.0,2635,0.0,0.8783750236034393,cpp
2D,1024,0.1,FOUR,WeightedAStar,MANHATTAN,2.0,False,0,2246.0,2529,0.0,0.7548329886049032,cpp
2D,1024,0.1,FOUR,WeightedAStar,MANHATTAN,2.0,True,0,2254.0,2493,0.0,0.8197920396924019,cpp
2D,1024,0.1,FOUR,WeightedAStar,MANHATTAN,5.0,False,0,2286.0,2406,0.0,0.7183749694377184,cpp
2D,1024,0.1,FOUR,WeightedAStar,MANHATTAN,5.0,True,0,2286.0,2393,0.0,0.8768329862505198,cpp
2D,1024,0.1,FOUR,BFS,N/A,1.0,False,1,2046.0,943620,107.0,124.20141603797674,cpp
2D,1024,0.1,FOUR,Dijkstra,N/A,1.0,False,1,2046.0,943620,104.0,111.97449988685548,cpp
2D,1024,0.1,FOUR,AStar,MANHATTAN,1.0,False,1,2046.0,171637,34.0,37.49579098075628,cpp
2D,1024,0.1,FOUR,AStar,MANHATTAN,1.0,True,1,2046.0,57827,11.0,13.080625096336007,cpp
2D,1024,0.1,FOUR,WeightedAStar,MANHATTAN,1.5,False,1,2192.0,2451,1.0,1.1209589429199696,cpp
2D,1024,0.1,FOUR,WeightedAStar,MANHATTAN,1.5,True,1,2198.0,2431,0.0,0.8052079938352108,cpp
2D,1024,0.1,FOUR,WeightedAStar,MANHATTAN,2.0,False,1,2212.0,2350,0.0,0.6745827849954367,cpp
2D,1024,0.1,FOUR,WeightedAStar,MANHATTAN,2.0,True,1,2216.0,2327,0.0,0.7540830411016941,cpp
2D,1024,0.1,FOUR,WeightedAStar,MANHATTAN,5.0,False,1,2222.0,2289,0.0,0.6387918256223202,cpp
2D,1024,0.1,FOUR,WeightedAStar,MANHATTAN,5.0,True,1,2222.0,2287,0.0,0.7479160558432341,cpp
2D,1024,0.1,FOUR,BFS,N/A,1.0,False,2,2046.0,943604,106.0,122.9969160631299,cpp
2D,1024,0.1,FOUR,Dijkstra,N/A,1.0,False,2,2046.0,943604,104.0,111.55479191802442,cpp
2D,1024,0.1,FOUR,AStar,MANHATTAN,1.0,False,2,2046.0,330340,66.0,75.44912514276803,cpp
2D,1024,0.1,FOUR,AStar,MANHATTAN,1.0,True,2,2046.0,46645,8.0,9.822250111028552,cpp
2D,1024,0.1,FOUR,WeightedAStar,MANHATTAN,1.5,False,2,2200.0,2546,0.0,0.8735419251024723,cpp
2D,1024,0.1,FOUR,WeightedAStar,MANHATTAN,1.5,True,2,2206.0,2517,0.0,0.8119579870253801,cpp
2D,1024,0.1,FOUR,WeightedAStar,MANHATTAN,2.0,False,2,2218.0,2430,0.0,0.7760410662740469,cpp
2D,1024,0.1,FOUR,WeightedAStar,MANHATTAN,2.0,True,2,2226.0,2399,0.0,0.7683329749852419,cpp
2D,1024,0.1,FOUR,WeightedAStar,MANHATTAN,5.0,False,2,2240.0,2355,0.0,0.7268339395523071,cpp
2D,1024,0.1,FOUR,WeightedAStar,MANHATTAN,5.0,True,2,2252.0,2346,0.0,0.7536669727414846,cpp
2D,1024,0.1,FOUR,BFS,N/A,1.0,False,3,2046.0,943609,109.0,126.35329202748835,cpp
2D,1024,0.1,FOUR,Dijkstra,N/A,1.0,False,3,2046.0,943609,105.0,113.58029092662036,cpp
2D,1024,0.1,FOUR,AStar,MANHATTAN,1.0,False,3,2046.0,215584,47.0,51.51783302426338,cpp
2D,1024,0.1,FOUR,AStar,MANHATTAN,1.0,True,3,2046.0,54269,10.0,11.490875156596303,cpp
2D,1024,0.1,FOUR,WeightedAStar,MANHATTAN,1.5,False,3,2178.0,2481,0.0,0.8128329645842314,cpp
2D,1024,0.1,FOUR,WeightedAStar,MANHATTAN,1.5,True,3,2180.0,2456,0.0,0.805417075753212,cpp
2D,1024,0.1,FOUR,WeightedAStar,MANHATTAN,2.0,False,3,2194.0,2405,0.0,0.7367080543190241,cpp
2D,1024,0.1,FOUR,WeightedAStar,MANHATTAN,2.0,True,3,2208.0,2365,0.0,0.7820418104529381,cpp
2D,1024,0.1,FOUR,WeightedAStar,MANHATTAN,5.0,False,3,2228.0,2321,0.0,0.7010421250015497,cpp
2D,1024,0.1,FOUR,WeightedAStar,MANHATTAN,5.0,True,3,2228.0,2314,0.0,0.734332948923111,cpp
2D,1024,0.1,FOUR,BFS,N/A,1.0,False,4,2046.0,943621,110.0,127.1275409962982,cpp
2D,1024,0.1,FOUR,Dijkstra,N/A,1.0,False,4,2046.0,943621,107.0,115.0644167792052,cpp
2D,1024,0.1,FOUR,AStar,MANHATTAN,1.0,False,4,2046.0,291640,61.0,67.64937494881451,cpp
2D,1024,0.1,FOUR,AStar,MANHATTAN,1.0,True,4,2046.0,50628,9.0,10.587208904325962,cpp
2D,1024,0.1,FOUR,WeightedAStar,MANHATTAN,1.5,False,4,2184.0,2576,0.0,0.8744581136852503,cpp
2D,1024,0.1,FOUR,WeightedAStar,MANHATTAN,1.5,True,4,2190.0,2544,0.0,0.8422499522566795,cpp
2D,1024,0.1,FOUR,WeightedAStar,MANHATTAN,2.0,False,4,2206.0,2446,0.0,0.8066250011324883,cpp
2D,1024,0.1,FOUR,WeightedAStar,MANHATTAN,2.0,True,4,2212.0,2417,0.0,0.7841659244149923,cpp
2D,1024,0.1,FOUR,WeightedAStar,MANHATTAN,5.0,False,4,2228.0,2351,0.0,0.7375420536845922,cpp
2D,1024,0.1,FOUR,WeightedAStar,MANHATTAN,5.0,True,4,2228.0,2338,0.0,0.7608751766383648,cpp
2D,1024,0.1,EIGHT,BFS,N/A,1.0,False,0,1169.0,943636,145.0,166.9338329229504,cpp
2D,1024,0.1,EIGHT,Dijkstra,N/A,1.0,False,0,1532.061279296875,958083,155.0,167.5558330025524,cpp
2D,1024,0.1,EIGHT,AStar,OCTILE,1.0,False,0,1532.061279296875,174717,39.0,42.807457968592644,cpp
2D,1024,0.1,EIGHT,AStar,OCTILE,1.0,True,0,1532.061279296875,174713,43.0,45.98958301357925,cpp
2D,1024,0.1,EIGHT,WeightedAStar,OCTILE,1.5,False,0,1580.7003173828125,1409,0.0,0.6590001285076141,cpp
2D,1024,0.1,EIGHT,WeightedAStar,OCTILE,1.5,True,0,1580.7003173828125,1409,0.0,0.6727918516844511,cpp
2D,1024,0.1,EIGHT,WeightedAStar,OCTILE,2.0,False,0,1571.8079833984375,1281,0.0,0.5843329709023237,cpp
2D,1024,0.1,EIGHT,WeightedAStar,OCTILE,2.0,True,0,1571.8079833984375,1281,0.0,0.6143751088529825,cpp
2D,1024,0.1,EIGHT,WeightedAStar,OCTILE,5.0,False,0,1569.705810546875,1246,0.0,0.6244170945137739,cpp
2D,1024,0.1,EIGHT,WeightedAStar,OCTILE,5.0,True,0,1569.705810546875,1246,0.0,0.6404169835150242,cpp
2D,1024,0.1,EIGHT,BFS,N/A,1.0,False,1,1159.0,943620,152.0,175.24445801973343,cpp
2D,1024,0.1,EIGHT,Dijkstra,N/A,1.0,False,1,1526.201416015625,957985,151.0,165.5381249729544,cpp
2D,1024,0.1,EIGHT,AStar,OCTILE,1.0,False,1,1526.201416015625,159606,36.0,39.67233304865658,cpp
2D,1024,0.1,EIGHT,AStar,OCTILE,1.0,True,1,1526.201416015625,159605,39.0,41.5588750038296,cpp
2D,1024,0.1,EIGHT,WeightedAStar,OCTILE,1.5,False,1,1580.699462890625,1396,0.0,0.7820418104529381,cpp
2D,1024,0.1,EIGHT,WeightedAStar,OCTILE,1.5,True,1,1580.699462890625,1396,0.0,0.67912507802248,cpp
2D,1024,0.1,EIGHT,WeightedAStar,OCTILE,2.0,False,1,1564.1893310546875,1277,0.0,0.6404169835150242,cpp
2D,1024,0.1,EIGHT,WeightedAStar,OCTILE,2.0,True,1,1564.1893310546875,1277,0.0,0.6572080310434103,cpp
2D,1024,0.1,EIGHT,WeightedAStar,OCTILE,5.0,False,1,1566.4312744140625,1252,0.0,0.6368749309331179,cpp
2D,1024,0.1,EIGHT,WeightedAStar,OCTILE,5.0,True,1,1566.4312744140625,1252,0.0,0.6809581536799669,cpp
2D,1024,0.1,EIGHT,BFS,N/A,1.0,False,2,1157.0,943604,144.0,164.79041706770658,cpp
2D,1024,0.1,EIGHT,Dijkstra,N/A,1.0,False,2,1525.029052734375,957739,159.0,169.81674986891448,cpp
2D,1024,0.1,EIGHT,AStar,OCTILE,1.0,False,2,1525.029052734375,150316,37.0,42.06537501886487,cpp
2D,1024,0.1,EIGHT,AStar,OCTILE,1.0,True,2,1525.029052734375,150315,41.0,44.66112516820431,cpp
2D,1024,0.1,EIGHT,WeightedAStar,OCTILE,1.5,False,2,1581.87109375,1414,0.0,0.8473328780382872,cpp
2D,1024,0.1,EIGHT,WeightedAStar,OCTILE,1.5,True,2,1581.87109375,1414,0.0,0.6762079428881407,cpp
2D,1024,0.1,EIGHT,WeightedAStar,OCTILE,2.0,False,2,1582.1129150390625,1307,0.0,0.620958162471652,cpp
2D,1024,0.1,EIGHT,WeightedAStar,OCTILE,2.0,True,2,1582.1129150390625,1307,0.0,0.6297498475760221,cpp
2D,1024,0.1,EIGHT,WeightedAStar,OCTILE,5.0,False,2,1580.5970458984375,1272,0.0,0.577291939407587,cpp
2D,1024,0.1,EIGHT,WeightedAStar,OCTILE,5.0,True,2,1580.5970458984375,1272,0.0,0.9875830728560686,cpp
2D,1024,0.1,EIGHT,BFS,N/A,1.0,False,3,1169.0,943609,141.0,160.7882499229163,cpp
2D,1024,0.1,EIGHT,Dijkstra,N/A,1.0,False,3,1532.0615234375,957542,149.0,158.64516701549292,cpp
2D,1024,0.1,EIGHT,AStar,OCTILE,1.0,False,3,1532.0616455078125,179003,42.0,45.46187515370548,cpp
2D,1024,0.1,EIGHT,AStar,OCTILE,1.0,True,3,1532.0616455078125,178994,44.0,49.810250056907535,cpp
2D,1024,0.1,EIGHT,WeightedAStar,OCTILE,1.5,False,3,1581.8712158203125,1411,0.0,0.76533411629498,cpp
2D,1024,0.1,EIGHT,WeightedAStar,OCTILE,1.5,True,3,1581.8712158203125,1411,0.0,0.6404160521924496,cpp
2D,1024,0.1,EIGHT,WeightedAStar,OCTILE,2.0,False,3,1570.393310546875,1285,0.0,0.5962091963738203,cpp
2D,1024,0.1,EIGHT,WeightedAStar,OCTILE,2.0,True,3,1570.393310546875,1285,0.0,0.7103329990059137,cpp
2D,1024,0.1,EIGHT,WeightedAStar,OCTILE,5.0,False,3,1573.22119140625,1259,0.0,0.5754579324275255,cpp
2D,1024,0.1,EIGHT,WeightedAStar,OCTILE,5.0,True,3,1573.22119140625,1259,0.0,0.5671249236911535,cpp
2D,1024,0.1,EIGHT,BFS,N/A,1.0,False,4,1160.0,943621,141.0,161.21383290737867,cpp
2D,1024,0.1,EIGHT,Dijkstra,N/A,1.0,False,4,1526.7874755859375,957608,148.0,156.95037506520748,cpp
2D,1024,0.1,EIGHT,AStar,OCTILE,1.0,False,4,1526.78759765625,161094,37.0,40.520082926377654,cpp
2D,1024,0.1,EIGHT,AStar,OCTILE,1.0,True,4,1526.78759765625,161081,39.0,41.74504219554365,cpp
2D,1024,0.1,EIGHT,WeightedAStar,OCTILE,1.5,False,4,1574.253173828125,1410,0.0,0.7084999233484268,cpp
2D,1024,0.1,EIGHT,WeightedAStar,OCTILE,1.5,True,4,1574.253173828125,1410,0.0,0.7007909007370472,cpp
2D,1024,0.1,EIGHT,WeightedAStar,OCTILE,2.0,False,4,1565.9471435546875,1283,0.0,0.5494579672813416,cpp
2D,1024,0.1,EIGHT,WeightedAStar,OCTILE,2.0,True,4,1565.9471435546875,1283,0.0,0.5661249160766602,cpp
2D,1024,0.1,EIGHT,WeightedAStar,OCTILE,5.0,False,4,1567.8448486328125,1250,0.0,0.5207920912653208,cpp
2D,1024,0.1,EIGHT,WeightedAStar,OCTILE,5.0,True,4,1567.8448486328125,1250,0.0,0.6188750267028809,cpp
2D,1024,0.2,FOUR,BFS,N/A,1.0,False,0,2046.0,837088,115.0,133.542750030756,cpp
2D,1024,0.2,FOUR,Dijkstra,N/A,1.0,False,0,2046.0,837090,104.0,111.62737500853837,cpp
2D,1024,0.2,FOUR,AStar,MANHATTAN,1.0,False,0,2046.0,206806,43.0,47.101291827857494,cpp
2D,1024,0.2,FOUR,AStar,MANHATTAN,1.0,True,0,2046.0,59562,12.0,13.272624928504229,cpp
2D,1024,0.2,FOUR,WeightedAStar,MANHATTAN,1.5,False,0,2258.0,3826,0.0,1.0561251547187567,cpp
2D,1024,0.2,FOUR,WeightedAStar,MANHATTAN,1.5,True,0,2274.0,3846,0.0,1.0749581269919872,cpp
2D,1024,0.2,FOUR,WeightedAStar,MANHATTAN,2.0,False,0,2324.0,3226,0.0,0.9096658322960138,cpp
2D,1024,0.2,FOUR,WeightedAStar,MANHATTAN,2.0,True,0,2348.0,3222,0.0,0.8946249727159739,cpp
2D,1024,0.2,FOUR,WeightedAStar,MANHATTAN,5.0,False,0,2476.0,3035,0.0,0.8289169054478407,cpp
2D,1024,0.2,FOUR,WeightedAStar,MANHATTAN,5.0,True,0,2486.0,3001,0.0,0.828583026304841,cpp
2D,1024,0.2,FOUR,BFS,N/A,1.0,False,1,2046.0,837012,111.0,129.26820805296302,cpp
2D,1024,0.2,FOUR,Dijkstra,N/A,1.0,False,1,2046.0,837012,102.0,109.62533298879862,cpp
2D,1024,0.2,FOUR,AStar,MANHATTAN,1.0,False,1,2046.0,121040,23.0,26.09549998305738,cpp
2D,1024,0.2,FOUR,AStar,MANHATTAN,1.0,True,1,2046.0,60233,12.0,13.37333396077156,cpp
2D,1024,0.2,FOUR,WeightedAStar,MANHATTAN,1.5,False,1,2252.0,3542,0.0,1.116874860599637,cpp
2D,1024,0.2,FOUR,WeightedAStar,MANHATTAN,1.5,True,1,2262.0,3636,0.0,1.069874968379736,cpp
2D,1024,0.2,FOUR,WeightedAStar,MANHATTAN,2.0,False,1,2322.0,3088,0.0,0.8891669567674398,cpp
2D,1024,0.2,FOUR,WeightedAStar,MANHATTAN,2.0,True,1,2372.0,3112,0.0,0.9288329165428877,cpp
2D,1024,0.2,FOUR,WeightedAStar,MANHATTAN,5.0,False,1,2404.0,2785,0.0,0.8223750628530979,cpp
2D,1024,0.2,FOUR,WeightedAStar,MANHATTAN,5.0,True,1,2410.0,2766,0.0,0.8196251001209021,cpp
2D,1024,0.2,FOUR,BFS,N/A,1.0,False,2,2046.0,836958,114.0,132.78266694396734,cpp
2D,1024,0.2,FOUR,Dijkstra,N/A,1.0,False,2,2046.0,836958,102.0,110.03895802423358,cpp
2D,1024,0.2,FOUR,AStar,MANHATTAN,1.0,False,2,2046.0,198370,40.0,44.463166035711765,cpp
2D,1024,0.2,FOUR,AStar,MANHATTAN,1.0,True,2,2046.0,64903,13.0,14.531125081703067,cpp
2D,1024,0.2,FOUR,WeightedAStar,MANHATTAN,1.5,False,2,2266.0,3777,1.0,1.2446250766515732,cpp
2D,1024,0.2,FOUR,WeightedAStar,MANHATTAN,1.5,True,2,2272.0,3756,0.0,1.1213331017643213,cpp
2D,1024,0.2,FOUR,WeightedAStar,MANHATTAN,2.0,False,2,2314.0,3256,0.0,0.866415910422802,cpp
2D,1024,0.2,FOUR,WeightedAStar,MANHATTAN,2.0,True,2,2360.0,3271,0.0,1.0111250448971987,cpp
2D,1024,0.2,FOUR,WeightedAStar,MANHATTAN,5.0,False,2,2466.0,3001,0.0,0.7927080150693655,cpp
2D,1024,0.2,FOUR,WeightedAStar,MANHATTAN,5.0,True,2,2470.0,2977,0.0,0.9457911364734173,cpp
2D,1024,0.2,FOUR,BFS,N/A,1.0,False,3,2048.0,837075,115.0,133.59008310362697,cpp
2D,1024,0.2,FOUR,Dijkstra,N/A,1.0,False,3,2048.0,837075,103.0,110.88620801456273,cpp
2D,1024,0.2,FOUR,AStar,MANHATTAN,1.0,False,3,2048.0,94050,18.0,20.561249926686287,cpp
2D,1024,0.2,FOUR,AStar,MANHATTAN,1.0,True,3,2048.0,53663,11.0,12.20895885489881,cpp
2D,1024,0.2,FOUR,WeightedAStar,MANHATTAN,1.5,False,3,2272.0,4030,1.0,1.2376250233501196,cpp
2D,1024,0.2,FOUR,WeightedAStar,MANHATTAN,1.5,True,3,2274.0,4005,0.0,1.150249969214201,cpp
2D,1024,0.2,FOUR,WeightedAStar,MANHATTAN,2.0,False,3,2310.0,3200,0.0,0.9119159076362848,cpp
2D,1024,0.2,FOUR,WeightedAStar,MANHATTAN,2.0,True,3,2332.0,3154,0.0,0.9440828580409288,cpp
2D,1024,0.2,FOUR,WeightedAStar,MANHATTAN,5.0,False,3,2404.0,2894,0.0,0.839125132188201,cpp
2D,1024,0.2,FOUR,WeightedAStar,MANHATTAN,5.0,True,3,2412.0,2897,0.0,0.8918331004679203,cpp
2D,1024,0.2,FOUR,BFS,N/A,1.0,False,4,2046.0,836987,112.0,134.37466695904732,cpp
2D,1024,0.2,FOUR,Dijkstra,N/A,1.0,False,4,2046.0,836987,102.0,109.4147500116378,cpp
2D,1024,0.2,FOUR,AStar,MANHATTAN,1.0,False,4,2046.0,179165,33.0,36.89062502235174,cpp
2D,1024,0.2,FOUR,AStar,MANHATTAN,1.0,True,4,2046.0,65522,13.0,14.524250058457255,cpp
2D,1024,0.2,FOUR,WeightedAStar,MANHATTAN,1.5,False,4,2218.0,3161,0.0,0.9149170946329832,cpp
2D,1024,0.2,FOUR,WeightedAStar,MANHATTAN,1.5,True,4,2224.0,3128,0.0,0.8977500256150961,cpp
2D,1024,0.2,FOUR,WeightedAStar,MANHATTAN,2.0,False,4,2258.0,2941,0.0,0.8337500039488077,cpp
2D,1024,0.2,FOUR,WeightedAStar,MANHATTAN,2.0,True,4,2286.0,2939,0.0,0.8419170044362545,cpp
2D,1024,0.2,FOUR,WeightedAStar,MANHATTAN,5.0,False,4,2394.0,2797,0.0,0.7927501574158669,cpp
2D,1024,0.2,FOUR,WeightedAStar,MANHATTAN,5.0,True,4,2406.0,2783,0.0,0.8328331168740988,cpp
2D,1024,0.2,EIGHT,BFS,N/A,1.0,False,0,1337.0,837082,149.0,170.45616614632308,cpp
2D,1024,0.2,EIGHT,Dijkstra,N/A,1.0,False,0,1631.6829833984375,851737,139.0,147.4756661336869,cpp
2D,1024,0.2,EIGHT,AStar,OCTILE,1.0,False,0,1631.68310546875,311603,74.0,81.44204085692763,cpp
2D,1024,0.2,EIGHT,AStar,OCTILE,1.0,True,0,1631.68310546875,311600,76.0,84.17737483978271,cpp
2D,1024,0.2,EIGHT,WeightedAStar,OCTILE,1.5,False,0,1714.6922607421875,2127,0.0,1.0600420646369457,cpp
2D,1024,0.2,EIGHT,WeightedAStar,OCTILE,1.5,True,0,1714.6922607421875,2127,0.0,0.8962920401245356,cpp
2D,1024,0.2,EIGHT,WeightedAStar,OCTILE,2.0,False,0,1710.6656494140625,1803,0.0,0.7991669699549675,cpp
2D,1024,0.2,EIGHT,WeightedAStar,OCTILE,2.0,True,0,1712.3216552734375,1806,0.0,0.7873750291764736,cpp
2D,1024,0.2,EIGHT,WeightedAStar,OCTILE,5.0,False,0,1753.2889404296875,1697,0.0,0.7538748905062675,cpp
2D,1024,0.2,EIGHT,WeightedAStar,OCTILE,5.0,True,0,1753.2889404296875,1700,0.0,0.7514161989092827,cpp
2D,1024,0.2,EIGHT,BFS,N/A,1.0,False,1,1327.0,837009,140.0,160.80362489446998,cpp
2D,1024,0.2,EIGHT,Dijkstra,N/A,1.0,False,1,1625.2364501953125,852107,138.0,146.12916694022715,cpp
2D,1024,0.2,EIGHT,AStar,OCTILE,1.0,False,1,1625.2364501953125,293876,68.0,74.85945802181959,cpp
2D,1024,0.2,EIGHT,AStar,OCTILE,1.0,True,1,1625.2364501953125,293873,70.0,76.97012508288026,cpp
2D,1024,0.2,EIGHT,WeightedAStar,OCTILE,1.5,False,1,1716.4495849609375,2075,0.0,0.9422078728675842,cpp
2D,1024,0.2,EIGHT,WeightedAStar,OCTILE,1.5,True,1,1716.4495849609375,2075,0.0,0.9040830191224813,cpp
2D,1024,0.2,EIGHT,WeightedAStar,OCTILE,2.0,False,1,1695.2890625,1665,0.0,0.7197919767349958,cpp
2D,1024,0.2,EIGHT,WeightedAStar,OCTILE,2.0,True,1,1695.2890625,1665,0.0,0.7417500019073486,cpp
2D,1024,0.2,EIGHT,WeightedAStar,OCTILE,5.0,False,1,1720.0145263671875,1584,0.0,0.6921249441802502,cpp
2D,1024,0.2,EIGHT,WeightedAStar,OCTILE,5.0,True,1,1720.0145263671875,1584,0.0,0.7037499453872442,cpp
2D,1024,0.2,EIGHT,BFS,N/A,1.0,False,2,1326.0,836958,145.0,166.59508389420807,cpp
2D,1024,0.2,EIGHT,Dijkstra,N/A,1.0,False,2,1624.65087890625,851926,138.0,146.83487499132752,cpp
2D,1024,0.2,EIGHT,AStar,OCTILE,1.0,False,2,1624.6510009765625,292474,67.0,74.78799996897578,cpp
2D,1024,0.2,EIGHT,AStar,OCTILE,1.0,True,2,1624.6510009765625,292469,70.0,76.83854107744992,cpp
2D,1024,0.2,EIGHT,WeightedAStar,OCTILE,1.5,False,2,1706.6275634765625,2110,0.0,1.0460838675498962,cpp
2D,1024,0.2,EIGHT,WeightedAStar,OCTILE,1.5,True,2,1706.6275634765625,2110,0.0,0.905750086531043,cpp
2D,1024,0.2,EIGHT,WeightedAStar,OCTILE,2.0,False,2,1709.6708984375,1794,0.0,0.6457499694079161,cpp
2D,1024,0.2,EIGHT,WeightedAStar,OCTILE,2.0,True,2,1709.6708984375,1794,0.0,0.7867920212447643,cpp
2D,1024,0.2,EIGHT,WeightedAStar,OCTILE,5.0,False,2,1738.638427734375,1710,0.0,0.6312918849289417,cpp
2D,1024,0.2,EIGHT,WeightedAStar,OCTILE,5.0,True,2,1738.638427734375,1710,0.0,0.7414170540869236,cpp
2D,1024,0.2,EIGHT,BFS,N/A,1.0,False,3,1322.0,837074,141.0,163.11287507414818,cpp
2D,1024,0.2,EIGHT,Dijkstra,N/A,1.0,False,3,1622.5482177734375,852132,135.0,143.1904579512775,cpp
2D,1024,0.2,EIGHT,AStar,OCTILE,1.0,False,3,1622.5482177734375,282421,69.0,75.24979207664728,cpp
2D,1024,0.2,EIGHT,AStar,OCTILE,1.0,True,3,1622.5482177734375,282420,70.0,77.06395792774856,cpp
2D,1024,0.2,EIGHT,WeightedAStar,OCTILE,1.5,False,3,1720.8319091796875,2208,0.0,1.0858331806957722,cpp
2D,1024,0.2,EIGHT,WeightedAStar,OCTILE,1.5,True,3,1720.8319091796875,2207,0.0,0.9442500304430723,cpp
2D,1024,0.2,EIGHT,WeightedAStar,OCTILE,2.0,False,3,1718.1812744140625,1841,0.0,0.690957996994257,cpp
2D,1024,0.2,EIGHT,WeightedAStar,OCTILE,2.0,True,3,1718.1812744140625,1840,0.0,0.8345828391611576,cpp
2D,1024,0.2,EIGHT,WeightedAStar,OCTILE,5.0,False,3,1745.325927734375,1717,0.0,0.648916931822896,cpp
2D,1024,0.2,EIGHT,WeightedAStar,OCTILE,5.0,True,3,1745.325927734375,1717,0.0,0.7741248700767756,cpp
2D,1024,0.2,EIGHT,BFS,N/A,1.0,False,4,1323.0,836987,141.0,161.92845813930035,cpp
2D,1024,0.2,EIGHT,Dijkstra,N/A,1.0,False,4,1622.3065185546875,852254,136.0,143.89183302409947,cpp
2D,1024,0.2,EIGHT,AStar,OCTILE,1.0,False,4,1622.3065185546875,289965,68.0,75.07949997670949,cpp
2D,1024,0.2,EIGHT,AStar,OCTILE,1.0,True,4,1622.3065185546875,289963,70.0,76.86695898883045,cpp
2D,1024,0.2,EIGHT,WeightedAStar,OCTILE,1.5,False,4,1707.7620849609375,2051,0.0,1.012624939903617,cpp
2D,1024,0.2,EIGHT,WeightedAStar,OCTILE,1.5,True,4,1707.7620849609375,2051,0.0,0.8902088738977909,cpp
2D,1024,0.2,EIGHT,WeightedAStar,OCTILE,2.0,False,4,1711.69775390625,1734,0.0,0.6420840509235859,cpp
2D,1024,0.2,EIGHT,WeightedAStar,OCTILE,2.0,True,4,1711.69775390625,1735,0.0,0.8011672180145979,cpp
2D,1024,0.2,EIGHT,WeightedAStar,OCTILE,5.0,False,4,1727.428955078125,1641,0.0,0.6327079609036446,cpp
2D,1024,0.2,EIGHT,WeightedAStar,OCTILE,5.0,True,4,1727.428955078125,1641,0.0,0.7349580992013216,cpp
2D,1024,0.3,FOUR,BFS,N/A,1.0,False,2,2052.0,721403,92.0,112.68037487752736,cpp
2D,1024,0.3,FOUR,Dijkstra,N/A,1.0,False,2,2052.0,721404,89.0,96.19095781818032,cpp
2D,1024,0.3,FOUR,AStar,MANHATTAN,1.0,False,2,2052.0,55350,10.0,11.337250005453825,cpp
2D,1024,0.3,FOUR,AStar,MANHATTAN,1.0,True,2,2052.0,40522,7.0,8.378791157156229,cpp
2D,1024,0.3,FOUR,WeightedAStar,MANHATTAN,1.5,False,2,2294.0,6053,1.0,1.5225829556584358,cpp
2D,1024,0.3,FOUR,WeightedAStar,MANHATTAN,1.5,True,2,2296.0,5943,1.0,1.482916995882988,cpp
2D,1024,0.3,FOUR,WeightedAStar,MANHATTAN,2.0,False,2,2380.0,4639,0.0,1.1902500409632921,cpp
2D,1024,0.3,FOUR,WeightedAStar,MANHATTAN,2.0,True,2,2416.0,4696,1.0,1.2253329623490572,cpp
2D,1024,0.3,FOUR,WeightedAStar,MANHATTAN,5.0,False,2,2540.0,4017,0.0,1.0376670397818089,cpp
2D,1024,0.3,FOUR,WeightedAStar,MANHATTAN,5.0,True,2,2574.0,4003,0.0,1.0424589272588491,cpp
2D,1024,0.3,FOUR,BFS,N/A,1.0,False,4,2046.0,721004,93.0,114.48420910164714,cpp
2D,1024,0.3,FOUR,Dijkstra,N/A,1.0,False,4,2046.0,721004,88.0,95.89233319275081,cpp
2D,1024,0.3,FOUR,AStar,MANHATTAN,1.0,False,4,2046.0,30115,5.0,6.488041952252388,cpp
2D,1024,0.3,FOUR,AStar,MANHATTAN,1.0,True,4,2046.0,13183,2.0,3.132124897092581,cpp
2D,1024,0.3,FOUR,WeightedAStar,MANHATTAN,1.5,False,4,2200.0,3907,0.0,1.15116685628891,cpp
2D,1024,0.3,FOUR,WeightedAStar,MANHATTAN,1.5,True,4,2210.0,4014,0.0,1.154499826952815,cpp
2D,1024,0.3,FOUR,WeightedAStar,MANHATTAN,2.0,False,4,2282.0,3733,0.0,1.0343329049646854,cpp
2D,1024,0.3,FOUR,WeightedAStar,MANHATTAN,2.0,True,4,2342.0,3805,0.0,1.111792167648673,cpp
2D,1024,0.3,FOUR,WeightedAStar,MANHATTAN,5.0,False,4,2570.0,3922,0.0,1.0789588559418917,cpp
2D,1024,0.3,FOUR,WeightedAStar,MANHATTAN,5.0,True,4,2596.0,3888,0.0,1.1030840687453747,cpp
2D,1024,0.3,EIGHT,BFS,N/A,1.0,False,2,1548.0,721403,111.0,133.23058397509158,cpp
2D,1024,0.3,EIGHT,Dijkstra,N/A,1.0,False,2,1763.128173828125,728119,110.0,119.1030831541866,cpp
2D,1024,0.3,EIGHT,AStar,OCTILE,1.0,False,2,1763.128173828125,369110,86.0,97.01037500053644,cpp
2D,1024,0.3,EIGHT,AStar,OCTILE,1.0,True,2,1763.128173828125,369108,87.0,98.15537510439754,cpp
2D,1024,0.3,EIGHT,WeightedAStar,OCTILE,1.5,False,2,1891.8310546875,5230,1.0,1.5635001473128796,cpp
2D,1024,0.3,EIGHT,WeightedAStar,OCTILE,1.5,True,2,1891.8310546875,5230,1.0,1.4920420944690704,cpp
2D,1024,0.3,EIGHT,WeightedAStar,OCTILE,2.0,False,2,1940.39013671875,3426,1.0,1.4426670968532562,cpp
2D,1024,0.3,EIGHT,WeightedAStar,OCTILE,2.0,True,2,1940.39013671875,3426,0.0,1.1430410668253899,cpp
2D,1024,0.3,EIGHT,WeightedAStar,OCTILE,5.0,False,2,1984.196044921875,2670,0.0,0.9097079746425152,cpp
2D,1024,0.3,EIGHT,WeightedAStar,OCTILE,5.0,True,2,1984.196044921875,2670,0.0,0.9463329333811998,cpp
2D,1024,0.3,EIGHT,BFS,N/A,1.0,False,4,1556.0,721004,111.0,132.45829101651907,cpp
2D,1024,0.3,EIGHT,Dijkstra,N/A,1.0,False,4,1765.574462890625,727600,113.0,120.87500002235174,cpp
2D,1024,0.3,EIGHT,AStar,OCTILE,1.0,False,4,1765.574462890625,376174,86.0,97.8786249179393,cpp
2D,1024,0.3,EIGHT,AStar,OCTILE,1.0,True,4,1765.574462890625,376172,88.0,99.18850008398294,cpp
2D,1024,0.3,EIGHT,WeightedAStar,OCTILE,1.5,False,4,1841.3209228515625,4264,1.0,1.7749590333551168,cpp
2D,1024,0.3,EIGHT,WeightedAStar,OCTILE,1.5,True,4,1841.3209228515625,4264,1.0,1.4206659980118275,cpp
2D,1024,0.3,EIGHT,WeightedAStar,OCTILE,2.0,False,4,1889.3956298828125,3030,0.0,1.0231668129563332,cpp
2D,1024,0.3,EIGHT,WeightedAStar,OCTILE,2.0,True,4,1889.3956298828125,3030,0.0,1.089792000129819,cpp
2D,1024,0.3,EIGHT,WeightedAStar,OCTILE,5.0,False,4,1947.26611328125,2568,0.0,0.9291251190006733,cpp
2D,1024,0.3,EIGHT,WeightedAStar,OCTILE,5.0,True,4,1947.26611328125,2567,0.0,0.9241669904440641,cpp
3D,32,0.0,SIX,Dijkstra,N/A,1.0,False,0,93.0,32768,4.0,4.252125043421984,cpp
3D,32,0.0,SIX,AStar,MANHATTAN,1.0,False,0,93.0,4499,0.0,1.1939581017941236,cpp
3D,32,0.0,SIX,WeightedAStar,MANHATTAN,1.5,False,0,93.0,94,0.0,0.02487492747604847,cpp
3D,32,0.0,SIX,WeightedAStar,MANHATTAN,2.0,False,0,93.0,94,0.0,0.022249994799494743,cpp
3D,32,0.0,SIX,WeightedAStar,MANHATTAN,5.0,False,0,93.0,94,0.0,0.01933402381837368,cpp
3D,32,0.0,SIX,Dijkstra,N/A,1.0,False,1,93.0,32768,3.0,4.200292052701116,cpp
3D,32,0.0,SIX,AStar,MANHATTAN,1.0,False,1,93.0,4499,1.0,1.129291020333767,cpp
3D,32,0.0,SIX,WeightedAStar,MANHATTAN,1.5,False,1,93.0,94,0.0,0.021707965061068535,cpp
3D,32,0.0,SIX,WeightedAStar,MANHATTAN,2.0,False,1,93.0,94,0.0,0.020709121599793434,cpp
3D,32,0.0,SIX,WeightedAStar,MANHATTAN,5.0,False,1,93.0,94,0.0,0.01895800232887268,cpp
3D,32,0.0,SIX,Dijkstra,N/A,1.0,False,2,93.0,32768,3.0,4.181083990260959,cpp
3D,32,0.0,SIX,AStar,MANHATTAN,1.0,False,2,93.0,4499,1.0,1.1193749960511923,cpp
3D,32,0.0,SIX,WeightedAStar,MANHATTAN,1.5,False,2,93.0,94,0.0,0.02087489701807499,cpp
3D,32,0.0,SIX,WeightedAStar,MANHATTAN,2.0,False,2,93.0,94,0.0,0.01895800232887268,cpp
3D,32,0.0,SIX,WeightedAStar,MANHATTAN,5.0,False,2,93.0,94,0.0,0.018958933651447296,cpp
3D,32,0.0,SIX,Dijkstra,N/A,1.0,False,3,93.0,32768,3.0,4.200582858175039,cpp
3D,32,0.0,SIX,AStar,MANHATTAN,1.0,False,3,93.0,4499,1.0,1.1042500846087933,cpp
3D,32,0.0,SIX,WeightedAStar,MANHATTAN,1.5,False,3,93.0,94,0.0,0.020042061805725098,cpp
3D,32,0.0,SIX,WeightedAStar,MANHATTAN,2.0,False,3,93.0,94,0.0,0.018875114619731903,cpp
3D,32,0.0,SIX,WeightedAStar,MANHATTAN,5.0,False,3,93.0,94,0.0,0.018750084564089775,cpp
3D,32,0.0,SIX,Dijkstra,N/A,1.0,False,4,93.0,32768,3.0,4.143541911616921,cpp
3D,32,0.0,SIX,AStar,MANHATTAN,1.0,False,4,93.0,4499,1.0,1.0962910018861294,cpp
3D,32,0.0,SIX,WeightedAStar,MANHATTAN,1.5,False,4,93.0,94,0.0,0.01950003206729889,cpp
3D,32,0.0,SIX,WeightedAStar,MANHATTAN,2.0,False,4,93.0,94,0.0,0.01895800232887268,cpp
3D,32,0.0,SIX,WeightedAStar,MANHATTAN,5.0,False,4,93.0,94,0.0,0.018499791622161865,cpp
3D,32,0.0,TWENTYSIX,Dijkstra,N/A,1.0,False,0,53.691986083984375,35219,7.0,7.357916096225381,cpp
3D,32,0.0,TWENTYSIX,AStar,OCTILE,1.0,False,0,53.691986083984375,32,0.0,0.2637919969856739,cpp
3D,32,0.0,TWENTYSIX,WeightedAStar,OCTILE,1.5,False,0,53.691986083984375,32,0.0,0.04924996756017208,cpp
3D,32,0.0,TWENTYSIX,WeightedAStar,OCTILE,2.0,False,0,53.691986083984375,32,0.0,0.04116608761250973,cpp
3D,32,0.0,TWENTYSIX,WeightedAStar,OCTILE,5.0,False,0,53.691986083984375,32,0.0,0.03800005652010441,cpp
3D,32,0.0,TWENTYSIX,Dijkstra,N/A,1.0,False,1,53.691986083984375,35219,6.0,7.162041962146759,cpp
3D,32,0.0,TWENTYSIX,AStar,OCTILE,1.0,False,1,53.691986083984375,32,0.0,0.1557499635964632,cpp
3D,32,0.0,TWENTYSIX,WeightedAStar,OCTILE,1.5,False,1,53.691986083984375,32,0.0,0.04950002767145634,cpp
3D,32,0.0,TWENTYSIX,WeightedAStar,OCTILE,2.0,False,1,53.691986083984375,32,0.0,0.04737498238682747,cpp
3D,32,0.0,TWENTYSIX,WeightedAStar,OCTILE,5.0,False,1,53.691986083984375,32,0.0,0.041084131225943565,cpp
3D,32,0.0,TWENTYSIX,Dijkstra,N/A,1.0,False,2,53.691986083984375,35219,6.0,7.114792009815574,cpp
3D,32,0.0,TWENTYSIX,AStar,OCTILE,1.0,False,2,53.691986083984375,32,0.0,0.043082982301712036,cpp
3D,32,0.0,TWENTYSIX,WeightedAStar,OCTILE,1.5,False,2,53.691986083984375,32,0.0,0.045625027269124985,cpp
3D,32,0.0,TWENTYSIX,WeightedAStar,OCTILE,2.0,False,2,53.691986083984375,32,0.0,0.0413751695305109,cpp
3D,32,0.0,TWENTYSIX,WeightedAStar,OCTILE,5.0,False,2,53.691986083984375,32,0.0,0.03795791417360306,cpp
3D,32,0.0,TWENTYSIX,Dijkstra,N/A,1.0,False,3,53.691986083984375,35219,6.0,7.073249900713563,cpp
3D,32,0.0,TWENTYSIX,AStar,OCTILE,1.0,False,3,53.691986083984375,32,0.0,0.143042067065835,cpp
3D,32,0.0,TWENTYSIX,WeightedAStar,OCTILE,1.5,False,3,53.691986083984375,32,0.0,0.043667154386639595,cpp
3D,32,0.0,TWENTYSIX,WeightedAStar,OCTILE,2.0,False,3,53.691986083984375,32,0.0,0.03795814700424671,cpp
3D,32,0.0,TWENTYSIX,WeightedAStar,OCTILE,5.0,False,3,53.691986083984375,32,0.0,0.03612483851611614,cpp
3D,32,0.0,TWENTYSIX,Dijkstra,N/A,1.0,False,4,53.691986083984375,35219,6.0,7.0773339830338955,cpp
3D,32,0.0,TWENTYSIX,AStar,OCTILE,1.0,False,4,53.691986083984375,32,0.0,0.04095793701708317,cpp
3D,32,0.0,TWENTYSIX,WeightedAStar,OCTILE,1.5,False,4,53.691986083984375,32,0.0,0.037082936614751816,cpp
3D,32,0.0,TWENTYSIX,WeightedAStar,OCTILE,2.0,False,4,53.691986083984375,32,0.0,0.03537489101290703,cpp
3D,32,0.0,TWENTYSIX,WeightedAStar,OCTILE,5.0,False,4,53.691986083984375,32,0.0,0.03658304922282696,cpp
3D,32,0.1,SIX,Dijkstra,N/A,1.0,False,0,93.0,29493,3.0,4.094249801710248,cpp
3D,32,0.1,SIX,AStar,MANHATTAN,1.0,False,0,93.0,8794,1.0,2.1547910291701555,cpp
3D,32,0.1,SIX,WeightedAStar,MANHATTAN,1.5,False,0,95.0,107,0.0,0.036250101402401924,cpp
3D,32,0.1,SIX,WeightedAStar,MANHATTAN,2.0,False,0,95.0,107,0.0,0.033624935895204544,cpp
3D,32,0.1,SIX,WeightedAStar,MANHATTAN,5.0,False,0,99.0,102,0.0,0.024667009711265564,cpp
3D,32,0.1,SIX,Dijkstra,N/A,1.0,False,1,93.0,29492,3.0,4.122958052903414,cpp
3D,32,0.1,SIX,AStar,MANHATTAN,1.0,False,1,93.0,4247,1.0,1.1434999760240316,cpp
3D,32,0.1,SIX,WeightedAStar,MANHATTAN,1.5,False,1,95.0,97,0.0,0.032665906473994255,cpp
3D,32,0.1,SIX,WeightedAStar,MANHATTAN,2.0,False,1,95.0,97,0.0,0.029416056349873543,cpp
3D,32,0.1,SIX,WeightedAStar,MANHATTAN,5.0,False,1,95.0,97,0.0,0.024999957531690598,cpp
3D,32,0.1,SIX,Dijkstra,N/A,1.0,False,2,93.0,29492,3.0,4.09054197371006,cpp
3D,32,0.1,SIX,AStar,MANHATTAN,1.0,False,2,93.0,6238,1.0,1.5483750030398369,cpp
3D,32,0.1,SIX,WeightedAStar,MANHATTAN,1.5,False,2,97.0,100,0.0,0.03158394247293472,cpp
3D,32,0.1,SIX,WeightedAStar,MANHATTAN,2.0,False,2,97.0,100,0.0,0.027542002499103546,cpp
3D,32,0.1,SIX,WeightedAStar,MANHATTAN,5.0,False,2,97.0,100,0.0,0.023250002413988113,cpp
3D,32,0.1,SIX,Dijkstra,N/A,1.0,False,3,93.0,29492,3.0,4.115208052098751,cpp
3D,32,0.1,SIX,AStar,MANHATTAN,1.0,False,3,93.0,10300,2.0,2.4623749777674675,cpp
3D,32,0.1,SIX,WeightedAStar,MANHATTAN,1.5,False,3,95.0,111,0.0,0.0363329891115427,cpp
3D,32,0.1,SIX,WeightedAStar,MANHATTAN,2.0,False,3,97.0,108,0.0,0.032624928280711174,cpp
3D,32,0.1,SIX,WeightedAStar,MANHATTAN,5.0,False,3,101.0,105,0.0,0.02629193477332592,cpp
3D,32,0.1,SIX,Dijkstra,N/A,1.0,False,4,93.0,29491,3.0,4.091667011380196,cpp
3D,32,0.1,SIX,AStar,MANHATTAN,1.0,False,4,93.0,2211,0.0,0.6370830815285444,cpp
3D,32,0.1,SIX,WeightedAStar,MANHATTAN,1.5,False,4,93.0,95,0.0,0.032499898225069046,cpp
3D,32,0.1,SIX,WeightedAStar,MANHATTAN,2.0,False,4,93.0,95,0.0,0.030583934858441353,cpp
3D,32,0.1,SIX,WeightedAStar,MANHATTAN,5.0,False,4,93.0,95,0.0,0.02574990503489971,cpp
3D,32,0.1,TWENTYSIX,Dijkstra,N/A,1.0,False,0,56.61198806762695,35902,7.0,7.61795905418694,cpp
3D,32,0.1,TWENTYSIX,AStar,OCTILE,1.0,False,0,56.61199188232422,737,0.0,0.4889999981969595,cpp
3D,32,0.1,TWENTYSIX,WeightedAStar,OCTILE,1.5,False,0,57.29399490356445,41,0.0,0.05129212513566017,cpp
3D,32,0.1,TWENTYSIX,WeightedAStar,OCTILE,2.0,False,0,57.38999557495117,38,0.0,0.04458380863070488,cpp
3D,32,0.1,TWENTYSIX,WeightedAStar,OCTILE,5.0,False,0,58.16799545288086,38,0.0,0.044665997847914696,cpp
3D,32,0.1,TWENTYSIX,Dijkstra,N/A,1.0,False,1,55.833988189697266,36158,7.0,7.409084122627974,cpp
3D,32,0.1,TWENTYSIX,AStar,OCTILE,1.0,False,1,55.833988189697266,402,0.0,0.3288751468062401,cpp
3D,32,0.1,TWENTYSIX,WeightedAStar,OCTILE,1.5,False,1,58.65799331665039,51,0.0,0.05495804361999035,cpp
3D,32,0.1,TWENTYSIX,WeightedAStar,OCTILE,2.0,False,1,57.29399871826172,39,0.0,0.04529207944869995,cpp
3D,32,0.1,TWENTYSIX,WeightedAStar,OCTILE,5.0,False,1,58.65799331665039,39,0.0,0.04487484693527222,cpp
3D,32,0.1,TWENTYSIX,Dijkstra,N/A,1.0,False,2,56.515987396240234,36269,7.0,7.427791133522987,cpp
3D,32,0.1,TWENTYSIX,AStar,OCTILE,1.0,False,2,56.515987396240234,846,0.0,0.40787504985928535,cpp
3D,32,0.1,TWENTYSIX,WeightedAStar,OCTILE,1.5,False,2,59.243988037109375,49,0.0,0.053999945521354675,cpp
3D,32,0.1,TWENTYSIX,WeightedAStar,OCTILE,2.0,False,2,59.43600082397461,40,0.0,0.04554190672934055,cpp
3D,32,0.1,TWENTYSIX,WeightedAStar,OCTILE,5.0,False,2,59.43600082397461,40,0.0,0.044459011405706406,cpp
3D,32,0.1,TWENTYSIX,Dijkstra,N/A,1.0,False,3,55.24799346923828,36563,7.0,7.431000005453825,cpp
3D,32,0.1,TWENTYSIX,AStar,OCTILE,1.0,False,3,55.24799346923828,300,0.0,0.2832910977303982,cpp
3D,32,0.1,TWENTYSIX,WeightedAStar,OCTILE,1.5,False,3,57.97599792480469,45,0.0,0.05404115654528141,cpp
3D,32,0.1,TWENTYSIX,WeightedAStar,OCTILE,2.0,False,3,56.61199188232422,36,0.0,0.045582884922623634,cpp
3D,32,0.1,TWENTYSIX,WeightedAStar,OCTILE,5.0,False,3,56.61199188232422,36,0.0,0.037291087210178375,cpp
3D,32,0.1,TWENTYSIX,Dijkstra,N/A,1.0,False,4,55.24798583984375,36347,7.0,7.395874941721559,cpp
3D,32,0.1,TWENTYSIX,AStar,OCTILE,1.0,False,4,55.247989654541016,175,0.0,0.11470797471702099,cpp
3D,32,0.1,TWENTYSIX,WeightedAStar,OCTILE,1.5,False,4,56.70798873901367,41,0.0,0.05016685463488102,cpp
3D,32,0.1,TWENTYSIX,WeightedAStar,OCTILE,2.0,False,4,58.26399612426758,38,0.0,0.043625012040138245,cpp
3D,32,0.1,TWENTYSIX,WeightedAStar,OCTILE,5.0,False,4,58.26399612426758,38,0.0,0.043209176510572433,cpp
3D,32,0.2,SIX,Dijkstra,N/A,1.0,False,0,93.0,26214,3.0,3.8507499266415834,cpp
3D,32,0.2,SIX,AStar,MANHATTAN,1.0,False,0,93.0,5506,1.0,1.4171658549457788,cpp
3D,32,0.2,SIX,WeightedAStar,MANHATTAN,1.5,False,0,97.0,108,0.0,0.036250101402401924,cpp
3D,32,0.2,SIX,WeightedAStar,MANHATTAN,2.0,False,0,97.0,108,0.0,0.03283284604549408,cpp
3D,32,0.2,SIX,WeightedAStar,MANHATTAN,5.0,False,0,97.0,106,0.0,0.027624890208244324,cpp
3D,32,0.2,SIX,Dijkstra,N/A,1.0,False,1,93.0,26212,3.0,3.8758330047130585,cpp
3D,32,0.2,SIX,AStar,MANHATTAN,1.0,False,1,93.0,7548,1.0,1.9222500268369913,cpp
3D,32,0.2,SIX,WeightedAStar,MANHATTAN,1.5,False,1,93.0,110,0.0,0.039125094190239906,cpp
3D,32,0.2,SIX,WeightedAStar,MANHATTAN,2.0,False,1,97.0,111,0.0,0.03712484613060951,cpp
3D,32,0.2,SIX,WeightedAStar,MANHATTAN,5.0,False,1,101.0,106,0.0,0.030042137950658798,cpp
3D,32,0.2,SIX,Dijkstra,N/A,1.0,False,2,93.0,26213,3.0,3.8824158255010843,cpp
3D,32,0.2,SIX,AStar,MANHATTAN,1.0,False,2,93.0,3718,0.0,0.9868748020380735,cpp
3D,32,0.2,SIX,WeightedAStar,MANHATTAN,1.5,False,2,95.0,120,0.0,0.03829202614724636,cpp
3D,32,0.2,SIX,WeightedAStar,MANHATTAN,2.0,False,2,99.0,119,0.0,0.03450014628469944,cpp
3D,32,0.2,SIX,WeightedAStar,MANHATTAN,5.0,False,2,105.0,109,0.0,0.028999987989664078,cpp
3D,32,0.2,SIX,Dijkstra,N/A,1.0,False,3,93.0,26212,3.0,3.8791249971836805,cpp
3D,32,0.2,SIX,AStar,MANHATTAN,1.0,False,3,93.0,3959,0.0,1.0295840911567211,cpp
3D,32,0.2,SIX,WeightedAStar,MANHATTAN,1.5,False,3,95.0,104,0.0,0.03408314660191536,cpp
3D,32,0.2,SIX,WeightedAStar,MANHATTAN,2.0,False,3,95.0,104,0.0,0.03050011582672596,cpp
3D,32,0.2,SIX,WeightedAStar,MANHATTAN,5.0,False,3,97.0,103,0.0,0.026041874662041664,cpp
3D,32,0.2,SIX,Dijkstra,N/A,1.0,False,4,93.0,26210,3.0,3.8770001847296953,cpp
3D,32,0.2,SIX,AStar,MANHATTAN,1.0,False,4,93.0,6568,1.0,1.7687911167740822,cpp
3D,32,0.2,SIX,WeightedAStar,MANHATTAN,1.5,False,4,97.0,111,0.0,0.03595813177525997,cpp
3D,32,0.2,SIX,WeightedAStar,MANHATTAN,2.0,False,4,99.0,105,0.0,0.03041699528694153,cpp
3D,32,0.2,SIX,WeightedAStar,MANHATTAN,5.0,False,4,99.0,104,0.0,0.026916153728961945,cpp
3D,32,0.2,TWENTYSIX,Dijkstra,N/A,1.0,False,0,58.955989837646484,33524,7.0,7.464333903044462,cpp
3D,32,0.2,TWENTYSIX,AStar,OCTILE,1.0,False,0,58.955989837646484,1656,0.0,0.8672908879816532,cpp
3D,32,0.2,TWENTYSIX,WeightedAStar,OCTILE,1.5,False,0,64.01800537109375,70,0.0,0.056625111028552055,cpp
3D,32,0.2,TWENTYSIX,WeightedAStar,OCTILE,2.0,False,0,62.75000762939453,46,0.0,0.04137493669986725,cpp
3D,32,0.2,TWENTYSIX,WeightedAStar,OCTILE,5.0,False,0,62.75000762939453,46,0.0,0.04087481647729874,cpp
3D,32,0.2,TWENTYSIX,Dijkstra,N/A,1.0,False,1,58.657997131347656,33686,7.0,7.377292029559612,cpp
3D,32,0.2,TWENTYSIX,AStar,OCTILE,1.0,False,1,58.657997131347656,1561,0.0,0.7925417739897966,cpp
3D,32,0.2,TWENTYSIX,WeightedAStar,OCTILE,1.5,False,1,62.75,67,0.0,0.06045796908438206,cpp
3D,32,0.2,TWENTYSIX,WeightedAStar,OCTILE,2.0,False,1,62.84599304199219,49,0.0,0.04437495954334736,cpp
3D,32,0.2,TWENTYSIX,WeightedAStar,OCTILE,5.0,False,1,62.2599983215332,45,0.0,0.04200008697807789,cpp
3D,32,0.2,TWENTYSIX,Dijkstra,N/A,1.0,False,2,59.63798904418945,33835,7.0,7.383290911093354,cpp
3D,32,0.2,TWENTYSIX,AStar,OCTILE,1.0,False,2,59.63798904418945,2916,1.0,1.2405000161379576,cpp
3D,32,0.2,TWENTYSIX,WeightedAStar,OCTILE,1.5,False,2,64.41200256347656,61,0.0,0.0527920201420784,cpp
3D,32,0.2,TWENTYSIX,WeightedAStar,OCTILE,2.0,False,2,62.51199722290039,52,0.0,0.04733400419354439,cpp
3D,32,0.2,TWENTYSIX,WeightedAStar,OCTILE,5.0,False,2,63.04800033569336,48,0.0,0.03791693598031998,cpp
3D,32,0.2,TWENTYSIX,Dijkstra,N/A,1.0,False,3,57.87998962402344,33779,7.0,7.341708056628704,cpp
3D,32,0.2,TWENTYSIX,AStar,OCTILE,1.0,False,3,57.8799934387207,1444,0.0,0.7252919021993876,cpp
3D,32,0.2,TWENTYSIX,WeightedAStar,OCTILE,1.5,False,3,59.829994201660156,53,0.0,0.05079200491309166,cpp
3D,32,0.2,TWENTYSIX,WeightedAStar,OCTILE,2.0,False,3,60.406002044677734,42,0.0,0.043625012040138245,cpp
3D,32,0.2,TWENTYSIX,WeightedAStar,OCTILE,5.0,False,3,61.67400360107422,43,0.0,0.03800005652010441,cpp
3D,32,0.2,TWENTYSIX,Dijkstra,N/A,1.0,False,4,58.3699836730957,33456,7.0,7.350665982812643,cpp
3D,32,0.2,TWENTYSIX,AStar,OCTILE,1.0,False,4,58.3699836730957,990,0.0,0.4520830698311329,cpp
3D,32,0.2,TWENTYSIX,WeightedAStar,OCTILE,1.5,False,4,62.35600662231445,56,0.0,0.05070911720395088,cpp
3D,32,0.2,TWENTYSIX,WeightedAStar,OCTILE,2.0,False,4,62.9420051574707,47,0.0,0.04329206421971321,cpp
3D,32,0.2,TWENTYSIX,WeightedAStar,OCTILE,5.0,False,4,63.239990234375,46,0.0,0.04120892845094204,cpp
3D,32,0.3,SIX,Dijkstra,N/A,1.0,False,0,93.0,22922,3.0,3.3875000663101673,cpp
3D,32,0.3,SIX,AStar,MANHATTAN,1.0,False,0,93.0,3349,0.0,0.902834115549922,cpp
3D,32,0.3,SIX,WeightedAStar,MANHATTAN,1.5,False,0,101.0,166,0.0,0.04900014027953148,cpp
3D,32,0.3,SIX,WeightedAStar,MANHATTAN,2.0,False,0,107.0,137,0.0,0.03545801155269146,cpp
3D,32,0.3,SIX,WeightedAStar,MANHATTAN,5.0,False,0,107.0,123,0.0,0.0336251687258482,cpp
3D,32,0.3,SIX,Dijkstra,N/A,1.0,False,1,93.0,22905,3.0,3.3357501961290836,cpp
3D,32,0.3,SIX,AStar,MANHATTAN,1.0,False,1,93.0,14302,3.0,3.5315840505063534,cpp
3D,32,0.3,SIX,WeightedAStar,MANHATTAN,1.5,False,1,97.0,121,0.0,0.040999846532940865,cpp
3D,32,0.3,SIX,WeightedAStar,MANHATTAN,2.0,False,1,101.0,116,0.0,0.03570783883333206,cpp
3D,32,0.3,SIX,WeightedAStar,MANHATTAN,5.0,False,1,101.0,114,0.0,0.029999995604157448,cpp
3D,32,0.3,SIX,Dijkstra,N/A,1.0,False,2,93.0,22909,3.0,3.3608339726924896,cpp
3D,32,0.3,SIX,AStar,MANHATTAN,1.0,False,2,93.0,6253,1.0,1.4501248952001333,cpp
3D,32,0.3,SIX,WeightedAStar,MANHATTAN,1.5,False,2,93.0,163,0.0,0.15199999324977398,cpp
3D,32,0.3,SIX,WeightedAStar,MANHATTAN,2.0,False,2,101.0,123,0.0,0.03483286127448082,cpp
3D,32,0.3,SIX,WeightedAStar,MANHATTAN,5.0,False,2,101.0,112,0.0,0.027250032871961594,cpp
3D,32,0.3,SIX,Dijkstra,N/A,1.0,False,3,93.0,22912,3.0,3.3478341065347195,cpp
3D,32,0.3,SIX,AStar,MANHATTAN,1.0,False,3,93.0,4246,0.0,0.9957500733435154,cpp
3D,32,0.3,SIX,WeightedAStar,MANHATTAN,1.5,False,3,99.0,113,0.0,0.03437488339841366,cpp
3D,32,0.3,SIX,WeightedAStar,MANHATTAN,2.0,False,3,99.0,108,0.0,0.030333176255226135,cpp
3D,32,0.3,SIX,WeightedAStar,MANHATTAN,5.0,False,3,99.0,108,0.0,0.024958979338407516,cpp
3D,32,0.3,SIX,Dijkstra,N/A,1.0,False,4,93.0,22908,3.0,3.3420000690966845,cpp
3D,32,0.3,SIX,AStar,MANHATTAN,1.0,False,4,93.0,1916,0.0,0.5460421089082956,cpp
3D,32,0.3,SIX,WeightedAStar,MANHATTAN,1.5,False,4,97.0,136,0.0,0.04066689871251583,cpp
3D,32,0.3,SIX,WeightedAStar,MANHATTAN,2.0,False,4,97.0,125,0.0,0.034667085856199265,cpp
3D,32,0.3,SIX,WeightedAStar,MANHATTAN,5.0,False,4,109.0,121,0.0,0.031208153814077377,cpp
3D,32,0.3,TWENTYSIX,Dijkstra,N/A,1.0,False,0,61.779991149902344,28750,6.0,6.861415924504399,cpp
3D,32,0.3,TWENTYSIX,AStar,OCTILE,1.0,False,0,61.779991149902344,3032,1.0,1.7605829052627087,cpp
3D,32,0.3,TWENTYSIX,WeightedAStar,OCTILE,1.5,False,0,66.65000915527344,78,0.0,0.053999945521354675,cpp
3D,32,0.3,TWENTYSIX,WeightedAStar,OCTILE,2.0,False,0,68.16000366210938,66,0.0,0.04383292980492115,cpp
3D,32,0.3,TWENTYSIX,WeightedAStar,OCTILE,5.0,False,0,74.79200744628906,63,0.0,0.04412513226270676,cpp
3D,32,0.3,TWENTYSIX,Dijkstra,N/A,1.0,False,1,63.047996520996094,28745,6.0,6.432207999750972,cpp
3D,32,0.3,TWENTYSIX,AStar,OCTILE,1.0,False,1,63.047996520996094,4591,1.0,1.9225000869482756,cpp
3D,32,0.3,TWENTYSIX,WeightedAStar,OCTILE,1.5,False,1,67.33200073242188,77,0.0,0.04950002767145634,cpp
3D,32,0.3,TWENTYSIX,WeightedAStar,OCTILE,2.0,False,1,68.69599914550781,58,0.0,0.03795791417360306,cpp
3D,32,0.3,TWENTYSIX,WeightedAStar,OCTILE,5.0,False,1,72.55001068115234,62,0.0,0.03579212352633476,cpp
3D,32,0.3,TWENTYSIX,Dijkstra,N/A,1.0,False,2,61.97200012207031,28931,6.0,6.492624990642071,cpp
3D,32,0.3,TWENTYSIX,AStar,OCTILE,1.0,False,2,61.97200012207031,4007,1.0,1.7184170428663492,cpp
3D,32,0.3,TWENTYSIX,WeightedAStar,OCTILE,1.5,False,2,68.50401306152344,90,0.0,0.05429214797914028,cpp
3D,32,0.3,TWENTYSIX,WeightedAStar,OCTILE,2.0,False,2,70.06002044677734,66,0.0,0.046625034883618355,cpp
3D,32,0.3,TWENTYSIX,WeightedAStar,OCTILE,5.0,False,2,70.20602416992188,59,0.0,0.03366684541106224,cpp
3D,32,0.3,TWENTYSIX,Dijkstra,N/A,1.0,False,3,61.19399642944336,28718,6.0,6.489749997854233,cpp
3D,32,0.3,TWENTYSIX,AStar,OCTILE,1.0,False,3,61.19399642944336,2792,1.0,1.150666968896985,cpp
3D,32,0.3,TWENTYSIX,WeightedAStar,OCTILE,1.5,False,3,63.23999786376953,68,0.0,0.04987488500773907,cpp
3D,32,0.3,TWENTYSIX,WeightedAStar,OCTILE,2.0,False,3,66.21000671386719,51,0.0,0.038458965718746185,cpp
3D,32,0.3,TWENTYSIX,WeightedAStar,OCTILE,5.0,False,3,66.21000671386719,50,0.0,0.03333296626806259,cpp
3D,32,0.3,TWENTYSIX,Dijkstra,N/A,1.0,False,4,60.799983978271484,28706,6.0,6.546791875734925,cpp
3D,32,0.3,TWENTYSIX,AStar,OCTILE,1.0,False,4,60.799983978271484,2157,0.0,0.9158749599009752,cpp
3D,32,0.3,TWENTYSIX,WeightedAStar,OCTILE,1.5,False,4,63.335994720458984,66,0.0,0.04874984733760357,cpp
3D,32,0.3,TWENTYSIX,WeightedAStar,OCTILE,2.0,False,4,64.79600524902344,54,0.0,0.0413751695305109,cpp
3D,32,0.3,TWENTYSIX,WeightedAStar,OCTILE,5.0,False,4,67.4780044555664,53,0.0,0.038291094824671745,cpp
3D,64,0.0,SIX,Dijkstra,N/A,1.0,False,0,189.0,262144,33.0,35.52762512117624,cpp
3D,64,0.0,SIX,AStar,MANHATTAN,1.0,False,0,189.0,44668,9.0,10.28579194098711,cpp
3D,64,0.0,SIX,WeightedAStar,MANHATTAN,1.5,False,0,189.0,190,0.0,0.1795829739421606,cpp
3D,64,0.0,SIX,WeightedAStar,MANHATTAN,2.0,False,0,189.0,190,0.0,0.046999892219901085,cpp
3D,64,0.0,SIX,WeightedAStar,MANHATTAN,5.0,False,0,189.0,190,0.0,0.04541594535112381,cpp
3D,64,0.0,SIX,Dijkstra,N/A,1.0,False,1,189.0,262144,32.0,34.75504205562174,cpp
3D,64,0.0,SIX,AStar,MANHATTAN,1.0,False,1,189.0,44668,9.0,10.22050017490983,cpp
3D,64,0.0,SIX,WeightedAStar,MANHATTAN,1.5,False,1,189.0,190,0.0,0.1748749054968357,cpp
3D,64,0.0,SIX,WeightedAStar,MANHATTAN,2.0,False,1,189.0,190,0.0,0.04570791497826576,cpp
3D,64,0.0,SIX,WeightedAStar,MANHATTAN,5.0,False,1,189.0,190,0.0,0.047457870095968246,cpp
3D,64,0.0,SIX,Dijkstra,N/A,1.0,False,2,189.0,262144,32.0,34.7033750731498,cpp
3D,64,0.0,SIX,AStar,MANHATTAN,1.0,False,2,189.0,44668,9.0,10.18833415582776,cpp
3D,64,0.0,SIX,WeightedAStar,MANHATTAN,1.5,False,2,189.0,190,0.0,0.1362909097224474,cpp
3D,64,0.0,SIX,WeightedAStar,MANHATTAN,2.0,False,2,189.0,190,0.0,0.04487507976591587,cpp
3D,64,0.0,SIX,WeightedAStar,MANHATTAN,5.0,False,2,189.0,190,0.0,0.045250169932842255,cpp
3D,64,0.0,SIX,Dijkstra,N/A,1.0,False,3,189.0,262144,33.0,35.08399985730648,cpp
3D,64,0.0,SIX,AStar,MANHATTAN,1.0,False,3,189.0,44668,9.0,10.331499855965376,cpp
3D,64,0.0,SIX,WeightedAStar,MANHATTAN,1.5,False,3,189.0,190,0.0,0.17850007861852646,cpp
3D,64,0.0,SIX,WeightedAStar,MANHATTAN,2.0,False,3,189.0,190,0.0,0.046666013076901436,cpp
3D,64,0.0,SIX,WeightedAStar,MANHATTAN,5.0,False,3,189.0,190,0.0,0.04566693678498268,cpp
3D,64,0.0,SIX,Dijkstra,N/A,1.0,False,4,189.0,262144,32.0,34.682750003412366,cpp
3D,64,0.0,SIX,AStar,MANHATTAN,1.0,False,4,189.0,44668,9.0,10.24008309468627,cpp
3D,64,0.0,SIX,WeightedAStar,MANHATTAN,1.5,False,4,189.0,190,0.0,0.14695897698402405,cpp
3D,64,0.0,SIX,WeightedAStar,MANHATTAN,2.0,False,4,189.0,190,0.0,0.04712492227554321,cpp
3D,64,0.0,SIX,WeightedAStar,MANHATTAN,5.0,False,4,189.0,190,0.0,0.04633283242583275,cpp
3D,64,0.0,TWENTYSIX,Dijkstra,N/A,1.0,False,0,109.11603546142578,310393,60.0,62.89912504144013,cpp
3D,64,0.0,TWENTYSIX,AStar,OCTILE,1.0,False,0,109.11603546142578,64,0.0,0.08725002408027649,cpp
3D,64,0.0,TWENTYSIX,WeightedAStar,OCTILE,1.5,False,0,109.11603546142578,64,0.0,0.08166697807610035,cpp
3D,64,0.0,TWENTYSIX,WeightedAStar,OCTILE,2.0,False,0,109.11603546142578,64,0.0,0.07933308370411396,cpp
3D,64,0.0,TWENTYSIX,WeightedAStar,OCTILE,5.0,False,0,109.11603546142578,64,0.0,0.07599988020956516,cpp
3D,64,0.0,TWENTYSIX,Dijkstra,N/A,1.0,False,1,109.11603546142578,310393,60.0,62.00574990361929,cpp
3D,64,0.0,TWENTYSIX,AStar,OCTILE,1.0,False,1,109.11603546142578,64,0.0,0.5317078903317451,cpp
3D,64,0.0,TWENTYSIX,WeightedAStar,OCTILE,1.5,False,1,109.11603546142578,64,0.0,0.09087496437132359,cpp
3D,64,0.0,TWENTYSIX,WeightedAStar,OCTILE,2.0,False,1,109.11603546142578,64,0.0,0.07920805364847183,cpp
3D,64,0.0,TWENTYSIX,WeightedAStar,OCTILE,5.0,False,1,109.11603546142578,64,0.0,0.07312512025237083,cpp
3D,64,0.0,TWENTYSIX,Dijkstra,N/A,1.0,False,2,109.11603546142578,310393,62.0,64.38766699284315,cpp
3D,64,0.0,TWENTYSIX,AStar,OCTILE,1.0,False,2,109.11603546142578,64,0.0,0.11829100549221039,cpp
3D,64,0.0,TWENTYSIX,WeightedAStar,OCTILE,1.5,False,2,109.11603546142578,64,0.0,0.08291611447930336,cpp
3D,64,0.0,TWENTYSIX,WeightedAStar,OCTILE,2.0,False,2,109.11603546142578,64,0.0,0.07816706784069538,cpp
3D,64,0.0,TWENTYSIX,WeightedAStar,OCTILE,5.0,False,2,109.11603546142578,64,0.0,0.07475004531443119,cpp
3D,64,0.0,TWENTYSIX,Dijkstra,N/A,1.0,False,3,109.11603546142578,310393,61.0,64.10579197108746,cpp
3D,64,0.0,TWENTYSIX,AStar,OCTILE,1.0,False,3,109.11603546142578,64,0.0,0.11541694402694702,cpp
3D,64,0.0,TWENTYSIX,WeightedAStar,OCTILE,1.5,False,3,109.11603546142578,64,0.0,0.08650007657706738,cpp
3D,64,0.0,TWENTYSIX,WeightedAStar,OCTILE,2.0,False,3,109.11603546142578,64,0.0,0.0777500681579113,cpp
3D,64,0.0,TWENTYSIX,WeightedAStar,OCTILE,5.0,False,3,109.11603546142578,64,0.0,0.07408414967358112,cpp
3D,64,0.0,TWENTYSIX,Dijkstra,N/A,1.0,False,4,109.11603546142578,310393,61.0,64.02462488040328,cpp
3D,64,0.0,TWENTYSIX,AStar,OCTILE,1.0,False,4,109.11603546142578,64,0.0,0.11720811016857624,cpp
3D,64,0.0,TWENTYSIX,WeightedAStar,OCTILE,1.5,False,4,109.11603546142578,64,0.0,0.08920789696276188,cpp
3D,64,0.0,TWENTYSIX,WeightedAStar,OCTILE,2.0,False,4,109.11603546142578,64,0.0,0.0804997980594635,cpp
3D,64,0.0,TWENTYSIX,WeightedAStar,OCTILE,5.0,False,4,109.11603546142578,64,0.0,0.08183298632502556,cpp
3D,64,0.1,SIX,Dijkstra,N/A,1.0,False,0,189.0,235929,32.0,34.211500082165,cpp
3D,64,0.1,SIX,AStar,MANHATTAN,1.0,False,0,189.0,26563,6.0,6.767083192244172,cpp
3D,64,0.1,SIX,WeightedAStar,MANHATTAN,1.5,False,0,195.0,203,0.0,0.1057919580489397,cpp
3D,64,0.1,SIX,WeightedAStar,MANHATTAN,2.0,False,0,195.0,203,0.0,0.06766687147319317,cpp
3D,64,0.1,SIX,WeightedAStar,MANHATTAN,5.0,False,0,197.0,202,0.0,0.0641669612377882,cpp
3D,64,0.1,SIX,Dijkstra,N/A,1.0,False,1,189.0,235929,32.0,33.86095887981355,cpp
3D,64,0.1,SIX,AStar,MANHATTAN,1.0,False,1,189.0,24772,5.0,6.073374999687076,cpp
3D,64,0.1,SIX,WeightedAStar,MANHATTAN,1.5,False,1,197.0,205,0.0,0.12304214760661125,cpp
3D,64,0.1,SIX,WeightedAStar,MANHATTAN,2.0,False,1,197.0,205,0.0,0.07512513548135757,cpp
3D,64,0.1,SIX,WeightedAStar,MANHATTAN,5.0,False,1,199.0,204,0.0,0.07029203698039055,cpp
3D,64,0.1,SIX,Dijkstra,N/A,1.0,False,2,189.0,235930,32.0,34.297666978091,cpp
3D,64,0.1,SIX,AStar,MANHATTAN,1.0,False,2,189.0,23172,5.0,5.5684170220047235,cpp
3D,64,0.1,SIX,WeightedAStar,MANHATTAN,1.5,False,2,195.0,204,0.0,0.07870909757912159,cpp
3D,64,0.1,SIX,WeightedAStar,MANHATTAN,2.0,False,2,197.0,202,0.0,0.06520794704556465,cpp
3D,64,0.1,SIX,WeightedAStar,MANHATTAN,5.0,False,2,197.0,202,0.0,0.06474996916949749,cpp
3D,64,0.1,SIX,Dijkstra,N/A,1.0,False,3,189.0,235930,32.0,34.15666683577001,cpp
3D,64,0.1,SIX,AStar,MANHATTAN,1.0,False,3,189.0,54550,12.0,13.152082916349173,cpp
3D,64,0.1,SIX,WeightedAStar,MANHATTAN,1.5,False,3,197.0,208,0.0,0.11412519961595535,cpp
3D,64,0.1,SIX,WeightedAStar,MANHATTAN,2.0,False,3,197.0,203,0.0,0.06670900620520115,cpp
3D,64,0.1,SIX,WeightedAStar,MANHATTAN,5.0,False,3,199.0,201,0.0,0.06508314982056618,cpp
3D,64,0.1,SIX,Dijkstra,N/A,1.0,False,4,189.0,235930,32.0,34.18666706420481,cpp
3D,64,0.1,SIX,AStar,MANHATTAN,1.0,False,4,189.0,34652,7.0,8.186457911506295,cpp
3D,64,0.1,SIX,WeightedAStar,MANHATTAN,1.5,False,4,193.0,206,0.0,0.10695797391235828,cpp
3D,64,0.1,SIX,WeightedAStar,MANHATTAN,2.0,False,4,197.0,198,0.0,0.06550014950335026,cpp
3D,64,0.1,SIX,WeightedAStar,MANHATTAN,5.0,False,4,197.0,198,0.0,0.06070802919566631,cpp
3D,64,0.1,TWENTYSIX,Dijkstra,N/A,1.0,False,0,113.7940444946289,299966,62.0,64.78133285418153,cpp
3D,64,0.1,TWENTYSIX,AStar,OCTILE,1.0,False,0,113.7940444946289,3769,1.0,1.8174999859184027,cpp
3D,64,0.1,TWENTYSIX,WeightedAStar,OCTILE,1.5,False,0,117.0980453491211,101,0.0,0.1088329590857029,cpp
3D,64,0.1,TWENTYSIX,WeightedAStar,OCTILE,2.0,False,0,121.28607177734375,83,0.0,0.09554182179272175,cpp
3D,64,0.1,TWENTYSIX,WeightedAStar,OCTILE,5.0,False,0,123.96806335449219,84,0.0,0.08241692557930946,cpp
3D,64,0.1,TWENTYSIX,Dijkstra,N/A,1.0,False,1,112.71804809570312,299357,62.0,63.98204201832414,cpp
3D,64,0.1,TWENTYSIX,AStar,OCTILE,1.0,False,1,112.71804809570312,2105,0.0,1.0455409064888954,cpp
3D,64,0.1,TWENTYSIX,WeightedAStar,OCTILE,1.5,False,1,117.39604187011719,94,0.0,0.10687485337257385,cpp
3D,64,0.1,TWENTYSIX,WeightedAStar,OCTILE,2.0,False,1,116.37004852294922,73,0.0,0.08987495675683022,cpp
3D,64,0.1,TWENTYSIX,WeightedAStar,OCTILE,5.0,False,1,116.37004852294922,73,0.0,0.08349982090294361,cpp
3D,64,0.1,TWENTYSIX,Dijkstra,N/A,1.0,False,2,113.98604583740234,300445,62.0,65.09808311238885,cpp
3D,64,0.1,TWENTYSIX,AStar,OCTILE,1.0,False,2,113.98604583740234,4127,1.0,1.9277089741081,cpp
3D,64,0.1,TWENTYSIX,WeightedAStar,OCTILE,1.5,False,2,118.70406341552734,90,0.0,0.10208296589553356,cpp
3D,64,0.1,TWENTYSIX,WeightedAStar,OCTILE,2.0,False,2,120.70006561279297,83,0.0,0.08683395572006702,cpp
3D,64,0.1,TWENTYSIX,WeightedAStar,OCTILE,5.0,False,2,121.28606414794922,81,0.0,0.08237501606345177,cpp
3D,64,0.1,TWENTYSIX,Dijkstra,N/A,1.0,False,3,113.40003967285156,298906,63.0,65.12299994938076,cpp
3D,64,0.1,TWENTYSIX,AStar,OCTILE,1.0,False,3,113.40003967285156,3680,1.0,1.7810419667512178,cpp
3D,64,0.1,TWENTYSIX,WeightedAStar,OCTILE,1.5,False,3,117.0980453491211,91,0.0,0.1051661092787981,cpp
3D,64,0.1,TWENTYSIX,WeightedAStar,OCTILE,2.0,False,3,116.70404815673828,74,0.0,0.08974992670118809,cpp
3D,64,0.1,TWENTYSIX,WeightedAStar,OCTILE,5.0,False,3,116.70404815673828,74,0.0,0.07712515071034431,cpp
3D,64,0.1,TWENTYSIX,Dijkstra,N/A,1.0,False,4,114.08203887939453,298935,63.0,65.42462506331503,cpp
3D,64,0.1,TWENTYSIX,AStar,OCTILE,1.0,False,4,114.08204650878906,5238,2.0,2.516707871109247,cpp
3D,64,0.1,TWENTYSIX,WeightedAStar,OCTILE,1.5,False,4,117.49205017089844,87,0.0,0.1052080187946558,cpp
3D,64,0.1,TWENTYSIX,WeightedAStar,OCTILE,2.0,False,4,118.2700424194336,77,0.0,0.08895783685147762,cpp
3D,64,0.1,TWENTYSIX,WeightedAStar,OCTILE,5.0,False,4,118.2700424194336,77,0.0,0.07325015030801296,cpp
3D,64,0.2,SIX,Dijkstra,N/A,1.0,False,0,189.0,209695,30.0,32.933374866843224,cpp
3D,64,0.2,SIX,AStar,MANHATTAN,1.0,False,0,189.0,17639,4.0,4.685583990067244,cpp
3D,64,0.2,SIX,WeightedAStar,MANHATTAN,1.5,False,0,195.0,230,0.0,0.12504099868237972,cpp
3D,64,0.2,SIX,WeightedAStar,MANHATTAN,2.0,False,0,197.0,222,0.0,0.07049995474517345,cpp
3D,64,0.2,SIX,WeightedAStar,MANHATTAN,5.0,False,0,203.0,213,0.0,0.0665830448269844,cpp
3D,64,0.2,SIX,Dijkstra,N/A,1.0,False,1,189.0,209705,32.0,34.35570909641683,cpp
3D,64,0.2,SIX,AStar,MANHATTAN,1.0,False,1,189.0,61390,15.0,16.558874864131212,cpp
3D,64,0.2,SIX,WeightedAStar,MANHATTAN,1.5,False,1,201.0,235,0.0,0.09479117579758167,cpp
3D,64,0.2,SIX,WeightedAStar,MANHATTAN,2.0,False,1,201.0,229,0.0,0.07679197005927563,cpp
3D,64,0.2,SIX,WeightedAStar,MANHATTAN,5.0,False,1,207.0,221,0.0,0.06716698408126831,cpp
3D,64,0.2,SIX,Dijkstra,N/A,1.0,False,2,189.0,209698,30.0,32.40970801562071,cpp
3D,64,0.2,SIX,AStar,MANHATTAN,1.0,False,2,189.0,29114,6.0,7.056917063891888,cpp
3D,64,0.2,SIX,WeightedAStar,MANHATTAN,1.5,False,2,195.0,243,0.0,0.11291680857539177,cpp
3D,64,0.2,SIX,WeightedAStar,MANHATTAN,2.0,False,2,199.0,225,0.0,0.07424992509186268,cpp
3D,64,0.2,SIX,WeightedAStar,MANHATTAN,5.0,False,2,205.0,213,0.0,0.06816699169576168,cpp
3D,64,0.2,SIX,Dijkstra,N/A,1.0,False,3,189.0,209699,30.0,32.39104198291898,cpp
3D,64,0.2,SIX,AStar,MANHATTAN,1.0,False,3,189.0,53078,11.0,12.557165930047631,cpp
3D,64,0.2,SIX,WeightedAStar,MANHATTAN,1.5,False,3,199.0,252,0.0,0.10720896534621716,cpp
3D,64,0.2,SIX,WeightedAStar,MANHATTAN,2.0,False,3,201.0,237,0.0,0.07770885713398457,cpp
3D,64,0.2,SIX,WeightedAStar,MANHATTAN,5.0,False,3,203.0,226,0.0,0.07045804522931576,cpp
3D,64,0.2,SIX,Dijkstra,N/A,1.0,False,4,189.0,209691,29.0,31.559707829728723,cpp
3D,64,0.2,SIX,AStar,MANHATTAN,1.0,False,4,189.0,54339,12.0,13.84537504054606,cpp
3D,64,0.2,SIX,WeightedAStar,MANHATTAN,1.5,False,4,195.0,228,0.0,0.11204206384718418,cpp
3D,64,0.2,SIX,WeightedAStar,MANHATTAN,2.0,False,4,197.0,228,0.0,0.06858306005597115,cpp
3D,64,0.2,SIX,WeightedAStar,MANHATTAN,5.0,False,4,203.0,223,0.0,0.06975000724196434,cpp
3D,64,0.2,TWENTYSIX,Dijkstra,N/A,1.0,False,0,117.4920425415039,272644,61.0,63.73245804570615,cpp
3D,64,0.2,TWENTYSIX,AStar,OCTILE,1.0,False,0,117.4920425415039,10806,4.0,4.76845889352262,cpp
3D,64,0.2,TWENTYSIX,WeightedAStar,OCTILE,1.5,False,0,130.45005798339844,153,0.0,0.1256659161299467,cpp
3D,64,0.2,TWENTYSIX,WeightedAStar,OCTILE,2.0,False,0,130.05606079101562,102,0.0,0.09325006976723671,cpp
3D,64,0.2,TWENTYSIX,WeightedAStar,OCTILE,5.0,False,0,129.96006774902344,97,0.0,0.08604093454778194,cpp
3D,64,0.2,TWENTYSIX,Dijkstra,N/A,1.0,False,1,119.04805755615234,271171,61.0,63.1397501565516,cpp
3D,64,0.2,TWENTYSIX,AStar,OCTILE,1.0,False,1,119.04805755615234,13352,5.0,5.954083986580372,cpp
3D,64,0.2,TWENTYSIX,WeightedAStar,OCTILE,1.5,False,1,123.3320541381836,100,0.0,0.09516696445643902,cpp
3D,64,0.2,TWENTYSIX,WeightedAStar,OCTILE,2.0,False,1,129.0300750732422,94,0.0,0.0832919031381607,cpp
3D,64,0.2,TWENTYSIX,WeightedAStar,OCTILE,5.0,False,1,129.0300750732422,92,0.0,0.08199992589652538,cpp
3D,64,0.2,TWENTYSIX,Dijkstra,N/A,1.0,False,2,118.1740493774414,271252,61.0,63.214457826688886,cpp
3D,64,0.2,TWENTYSIX,AStar,OCTILE,1.0,False,2,118.1740493774414,10979,4.0,4.83316695317626,cpp
3D,64,0.2,TWENTYSIX,WeightedAStar,OCTILE,1.5,False,2,126.45406341552734,112,0.0,0.10429089888930321,cpp
3D,64,0.2,TWENTYSIX,WeightedAStar,OCTILE,2.0,False,2,130.20205688476562,103,0.0,0.09141606278717518,cpp
3D,64,0.2,TWENTYSIX,WeightedAStar,OCTILE,5.0,False,2,132.24806213378906,98,0.0,0.08845888078212738,cpp
3D,64,0.2,TWENTYSIX,Dijkstra,N/A,1.0,False,3,119.3460464477539,271669,61.0,63.16712498664856,cpp
3D,64,0.2,TWENTYSIX,AStar,OCTILE,1.0,False,3,119.3460464477539,16882,7.0,8.062500040978193,cpp
3D,64,0.2,TWENTYSIX,WeightedAStar,OCTILE,1.5,False,3,125.82207489013672,134,0.0,0.16683293506503105,cpp
3D,64,0.2,TWENTYSIX,WeightedAStar,OCTILE,2.0,False,3,128.7420654296875,105,0.0,0.09316694922745228,cpp
3D,64,0.2,TWENTYSIX,WeightedAStar,OCTILE,5.0,False,3,128.99005126953125,94,0.0,0.08362508378922939,cpp
3D,64,0.2,TWENTYSIX,Dijkstra,N/A,1.0,False,4,119.25003814697266,271365,60.0,62.2917499858886,cpp
3D,64,0.2,TWENTYSIX,AStar,OCTILE,1.0,False,4,119.25004577636719,16700,7.0,7.387290941551328,cpp
3D,64,0.2,TWENTYSIX,WeightedAStar,OCTILE,1.5,False,4,126.84805297851562,121,0.0,0.2644159831106663,cpp
3D,64,0.2,TWENTYSIX,WeightedAStar,OCTILE,2.0,False,4,127.57005310058594,94,0.0,0.07941690273582935,cpp
3D,64,0.2,TWENTYSIX,WeightedAStar,OCTILE,5.0,False,4,130.88406372070312,98,0.0,0.08329213596880436,cpp
3D,64,0.3,SIX,Dijkstra,N/A,1.0,False,0,189.0,183333,26.0,27.73670805618167,cpp
3D,64,0.3,SIX,AStar,MANHATTAN,1.0,False,0,189.0,16289,3.0,4.0831249207258224,cpp
3D,64,0.3,SIX,WeightedAStar,MANHATTAN,1.5,False,0,199.0,282,0.0,0.09574997238814831,cpp
3D,64,0.3,SIX,WeightedAStar,MANHATTAN,2.0,False,0,201.0,272,0.0,0.08145812898874283,cpp
3D,64,0.3,SIX,WeightedAStar,MANHATTAN,5.0,False,0,205.0,240,0.0,0.07120892405509949,cpp
3D,64,0.3,SIX,Dijkstra,N/A,1.0,False,1,189.0,183350,26.0,27.80424989759922,cpp
3D,64,0.3,SIX,AStar,MANHATTAN,1.0,False,1,189.0,27993,6.0,6.980458041653037,cpp
3D,64,0.3,SIX,WeightedAStar,MANHATTAN,1.5,False,1,197.0,263,0.0,0.09283400140702724,cpp
3D,64,0.3,SIX,WeightedAStar,MANHATTAN,2.0,False,1,205.0,261,0.0,0.07904204539954662,cpp
3D,64,0.3,SIX,WeightedAStar,MANHATTAN,5.0,False,1,207.0,235,0.0,0.07416587322950363,cpp
3D,64,0.3,SIX,Dijkstra,N/A,1.0,False,2,189.0,183325,26.0,27.865124866366386,cpp
3D,64,0.3,SIX,AStar,MANHATTAN,1.0,False,2,189.0,14409,3.0,3.6031249910593033,cpp
3D,64,0.3,SIX,WeightedAStar,MANHATTAN,1.5,False,2,201.0,262,0.0,0.09087496437132359,cpp
3D,64,0.3,SIX,WeightedAStar,MANHATTAN,2.0,False,2,203.0,236,0.0,0.07499987259507179,cpp
3D,64,0.3,SIX,WeightedAStar,MANHATTAN,5.0,False,2,209.0,229,0.0,0.0738329254090786,cpp
3D,64,0.3,SIX,Dijkstra,N/A,1.0,False,3,189.0,183316,26.0,27.781000128015876,cpp
3D,64,0.3,SIX,AStar,MANHATTAN,1.0,False,3,189.0,51060,11.0,11.995666893199086,cpp
3D,64,0.3,SIX,WeightedAStar,MANHATTAN,1.5,False,3,197.0,259,0.0,0.12329197488725185,cpp
3D,64,0.3,SIX,WeightedAStar,MANHATTAN,2.0,False,3,197.0,253,0.0,0.07683294825255871,cpp
3D,64,0.3,SIX,WeightedAStar,MANHATTAN,5.0,False,3,219.0,254,0.0,0.07754191756248474,cpp
3D,64,0.3,SIX,Dijkstra,N/A,1.0,False,4,189.0,183304,26.0,27.73837512359023,cpp
3D,64,0.3,SIX,AStar,MANHATTAN,1.0,False,4,189.0,41195,9.0,9.944541146978736,cpp
3D,64,0.3,SIX,WeightedAStar,MANHATTAN,1.5,False,4,205.0,256,0.0,0.21541607566177845,cpp
3D,64,0.3,SIX,WeightedAStar,MANHATTAN,2.0,False,4,207.0,255,0.0,0.07820804603397846,cpp
3D,64,0.3,SIX,WeightedAStar,MANHATTAN,5.0,False,4,221.0,257,0.0,0.07120799273252487,cpp
3D,64,0.3,TWENTYSIX,Dijkstra,N/A,1.0,False,0,124.61005401611328,231490,55.0,56.954249972477555,cpp
3D,64,0.3,TWENTYSIX,AStar,OCTILE,1.0,False,0,124.61005401611328,28891,11.0,12.08383310586214,cpp
3D,64,0.3,TWENTYSIX,WeightedAStar,OCTILE,1.5,False,0,133.76406860351562,164,0.0,0.14879205264151096,cpp
3D,64,0.3,TWENTYSIX,WeightedAStar,OCTILE,2.0,False,0,139.0780487060547,122,0.0,0.09345798753201962,cpp
3D,64,0.3,TWENTYSIX,WeightedAStar,OCTILE,5.0,False,0,143.8020477294922,120,0.0,0.08475012145936489,cpp
3D,64,0.3,TWENTYSIX,Dijkstra,N/A,1.0,False,1,125.196044921875,231002,55.0,56.79491604678333,cpp
3D,64,0.3,TWENTYSIX,AStar,OCTILE,1.0,False,1,125.196044921875,27222,10.0,11.35591696947813,cpp
3D,64,0.3,TWENTYSIX,WeightedAStar,OCTILE,1.5,False,1,134.19805908203125,146,0.0,0.11466699652373791,cpp
3D,64,0.3,TWENTYSIX,WeightedAStar,OCTILE,2.0,False,1,138.14805603027344,124,0.0,0.09874999523162842,cpp
3D,64,0.3,TWENTYSIX,WeightedAStar,OCTILE,5.0,False,1,138.05206298828125,108,0.0,0.08545792661607265,cpp
3D,64,0.3,TWENTYSIX,Dijkstra,N/A,1.0,False,2,123.73604583740234,231334,54.0,56.664250092580914,cpp
3D,64,0.3,TWENTYSIX,AStar,OCTILE,1.0,False,2,123.73604583740234,19127,7.0,7.935249945148826,cpp
3D,64,0.3,TWENTYSIX,WeightedAStar,OCTILE,1.5,False,2,134.25404357910156,164,0.0,0.15279208309948444,cpp
3D,64,0.3,TWENTYSIX,WeightedAStar,OCTILE,2.0,False,2,141.12803649902344,129,0.0,0.09320792742073536,cpp
3D,64,0.3,TWENTYSIX,WeightedAStar,OCTILE,5.0,False,2,141.27003479003906,122,0.0,0.08533289656043053,cpp
3D,64,0.3,TWENTYSIX,Dijkstra,N/A,1.0,False,3,124.80204772949219,230429,55.0,57.19516705721617,cpp
3D,64,0.3,TWENTYSIX,AStar,OCTILE,1.0,False,3,124.80204772949219,28439,11.0,11.993957916274667,cpp
3D,64,0.3,TWENTYSIX,WeightedAStar,OCTILE,1.5,False,3,133.7740478515625,177,0.0,0.12874999083578587,cpp
3D,64,0.3,TWENTYSIX,WeightedAStar,OCTILE,2.0,False,3,137.08204650878906,115,0.0,0.08425000123679638,cpp
3D,64,0.3,TWENTYSIX,WeightedAStar,OCTILE,5.0,False,3,137.08206176757812,104,0.0,0.07475004531443119,cpp
3D,64,0.3,TWENTYSIX,Dijkstra,N/A,1.0,False,4,126.55005645751953,230278,55.0,56.91062496043742,cpp
3D,64,0.3,TWENTYSIX,AStar,OCTILE,1.0,False,4,126.55005645751953,34282,13.0,14.43845801986754,cpp
3D,64,0.3,TWENTYSIX,WeightedAStar,OCTILE,1.5,False,4,137.52203369140625,183,0.0,0.15379185788333416,cpp
3D,64,0.3,TWENTYSIX,WeightedAStar,OCTILE,2.0,False,4,140.97805786132812,132,0.0,0.0929159577935934,cpp
3D,64,0.3,TWENTYSIX,WeightedAStar,OCTILE,5.0,False,4,139.80606079101562,113,0.0,0.07987488061189651,cpp
